frame,FaceRectX,FaceRectY,FaceRectWidth,FaceRectHeight,FaceScore,x_0,x_1,x_2,x_3,x_4,x_5,x_6,x_7,x_8,x_9,x_10,x_11,x_12,x_13,x_14,x_15,x_16,x_17,x_18,x_19,x_20,x_21,x_22,x_23,x_24,x_25,x_26,x_27,x_28,x_29,x_30,x_31,x_32,x_33,x_34,x_35,x_36,x_37,x_38,x_39,x_40,x_41,x_42,x_43,x_44,x_45,x_46,x_47,x_48,x_49,x_50,x_51,x_52,x_53,x_54,x_55,x_56,x_57,x_58,x_59,x_60,x_61,x_62,x_63,x_64,x_65,x_66,x_67,y_0,y_1,y_2,y_3,y_4,y_5,y_6,y_7,y_8,y_9,y_10,y_11,y_12,y_13,y_14,y_15,y_16,y_17,y_18,y_19,y_20,y_21,y_22,y_23,y_24,y_25,y_26,y_27,y_28,y_29,y_30,y_31,y_32,y_33,y_34,y_35,y_36,y_37,y_38,y_39,y_40,y_41,y_42,y_43,y_44,y_45,y_46,y_47,y_48,y_49,y_50,y_51,y_52,y_53,y_54,y_55,y_56,y_57,y_58,y_59,y_60,y_61,y_62,y_63,y_64,y_65,y_66,y_67,Pitch,Roll,Yaw,AU01,AU02,AU04,AU05,AU06,AU07,AU09,AU10,AU11,AU12,AU14,AU15,AU17,AU20,AU23,AU24,AU25,AU26,AU28,AU43,anger,disgust,fear,happiness,sadness,surprise,neutral,input,frame,approx_time
0,1275.4414658874045,416.94196791294644,172.85543893129784,192.3277586096939,0.9939299821853638,1285.9734758580473,1282.0816281219554,1279.0600279288135,1278.62199468862,1284.3956840405526,1295.3882793339465,1308.6836159453658,1322.5529776664048,1340.5067932648817,1361.5544952538921,1381.5593556135393,1400.9040485793344,1418.973541352533,1433.1763433206984,1442.900172955742,1450.2152651316585,1456.552308102155,1297.9321420122435,1310.7065220859042,1325.162317147221,1338.8567943490261,1350.9017609855173,1388.604850777897,1402.1576650536363,1416.75059720079,1430.65428102326,1441.429742597412,1365.1351089361385,1362.2370855035888,1359.4647676273016,1356.5424092058017,1335.0612651595045,1344.04227235202,1354.5400550570616,1366.237322986253,1377.138325040428,1307.346938609966,1320.3158713489613,1330.2357496527584,1340.7700692321089,1329.7401426350045,1319.6212442901456,1389.6515166734716,1401.4518678359582,1411.3147329335911,1423.5030820403076,1410.6796021027064,1400.4299083508722,1311.7159908022131,1327.2649482331872,1342.6045270890806,1351.9008918023371,1361.9338817209696,1377.9298793644468,1393.6973977363152,1375.125921875618,1357.3261911902177,1344.7631602892448,1333.4192999539637,1320.5394120897427,1314.9973831661143,1341.297453425937,1351.179735616223,1361.911706479484,1389.7310008827167,1358.2873407156344,1346.7163561095429,1336.0785956317122,467.7096719856967,487.49247041253994,507.63801011899335,528.4449415347408,547.724429385994,564.5299609072251,578.9996498853535,592.0293375586048,599.4458278145396,600.0061791090004,593.8456576637782,585.2149491293321,573.9326484749739,558.1021397614414,538.8438504505909,518.7913105704791,498.40508282888226,466.1440614190304,462.9958030421618,465.68752244458835,471.3576023827129,478.1149638494681,483.67259247771466,481.05642296749556,479.597032082672,481.6052670724386,488.3107464528026,493.23342308275716,504.46466015374426,514.9441950561617,525.4793468948856,530.2667916939323,535.1171855655831,538.9420157875887,538.7420671926806,537.0012557106548,488.33374019730826,492.0802142310376,493.5060327356842,494.01307816118947,494.66309336632185,492.85235834057966,500.98331231675826,502.8771082035982,504.77925419687836,505.3008125750928,506.0195957902662,504.64563873748085,539.937150383781,540.6810939691014,542.7112978550545,545.9593379404312,546.3890864168625,549.6913953159242,553.939150863135,566.8808941698745,573.1634207123269,572.2449227602511,568.722182056249,556.7769352246763,541.5985189256214,548.2961434282632,551.4459769075821,552.0392196427326,554.5478694957243,562.9417761648281,562.1074395821124,558.9624896082075,8.381310727268351,10.219350017064707,5.60394103165622,0.47281212,0.4018093,0.25612327,0.27316427,0.81480277,1.0,0.62131166,0.059649564,1.0,0.89746857,0.7560525,0.2780986,0.5974087,1.0,0.49774885,0.7062539,0.43967643,0.20718256,0.33841124,0.64734465,0.0019029892,0.0058238716,0.0010162719,0.98271424,0.0011407101,0.0060952124,0.001306729,./stim/processed_extracts/fake/35\1_3_va.mov,0,00:00
10,1268.9189229484734,415.3751686463648,167.64819895038136,189.39196025988525,0.9976311922073364,1275.1867939174938,1273.3124878762435,1272.8426930394035,1274.177630094594,1280.4476582472041,1292.1805304722043,1307.5646028429767,1323.3055915474913,1341.9411953909362,1362.418055522797,1382.427085041267,1401.566153220751,1418.313948680026,1429.9970142942118,1436.9681923266887,1442.3248193227485,1446.8392279427508,1286.7821264753281,1300.1546240650564,1315.4621086542572,1329.8343790468414,1342.5276244615732,1380.151173196205,1393.9980815478798,1408.6002134963505,1422.6880575602565,1433.6332660222142,1357.4118324437666,1354.789553499523,1352.2412580474843,1349.7527291737858,1330.4744720567567,1338.8507133081653,1348.305475789795,1358.90315216487,1368.85201166864,1300.4830219062667,1313.395643987575,1323.3995491602225,1332.4728391283986,1321.7725896501518,1311.6515083889628,1383.014699419158,1394.938673652838,1404.9823983760361,1415.9879017247106,1403.8123307866974,1393.5397808048117,1309.8901959949433,1324.2711699293643,1337.8465955075753,1345.947391672699,1354.8613357068273,1369.223927219034,1384.0742015478406,1369.2084708124416,1354.7169314173645,1344.153310612994,1334.4646294380766,1321.8080066309021,1313.818094266097,1336.7166454888973,1345.5003615083208,1355.0762217522072,1380.0763159632245,1355.1412172288342,1345.348764097122,1336.221864375142,472.9001448526646,492.85753561396467,512.7510213813116,532.8195736434872,551.3691986853165,566.6520492031865,578.7372794088893,588.871453235347,594.1562709313653,594.4255185540072,588.9944271696569,580.9615795895186,569.3836879812793,553.1401831865289,534.2409670097869,514.8753629079121,494.7800497945327,472.6995705457292,469.31813278460663,471.86297391264804,477.5810451161608,484.19359658585734,488.2761402011487,484.8529322123939,482.60928104419446,483.82902316725387,490.0907846484153,497.2323556785478,509.14910969775445,520.50303919364,531.8694313486538,536.5348277932671,540.6972475711117,543.9857640167024,543.2876383636296,541.304477090761,491.95129032663647,494.0265398133671,495.29862510476454,497.1365286669474,498.10857543983525,496.40445581411905,501.8334610577024,501.9484494077122,503.67091758972083,505.27900023512314,507.0394253419981,505.6516134235011,550.1039001245965,551.8285154060311,553.6084811496368,556.2552654747094,555.9806534900949,557.6221618000609,559.5968024070692,567.2571925820687,570.9582907766434,570.3880157505827,568.1359590606562,560.8150679759491,551.8602003622275,559.377324142728,561.5965715278629,561.6237997287841,560.2510920112957,562.9776915402628,562.6079027697415,560.459977015378,5.291225932505292,8.43153797029417,10.232807780006793,0.20147519,0.1780313,0.31042874,0.25356776,0.4065092,0.0,0.6054407,0.030250678,0.0,0.64044946,0.48198032,0.22973873,0.6339338,0.0,0.63279504,0.55981994,0.031563215,0.13035332,0.08061083,0.711633,0.04053162,0.010670757,0.0062200674,0.1320705,0.09296095,0.008049151,0.7094969,./stim/processed_extracts/fake/35\1_3_va.mov,10,00:00
20,1264.4098878816794,419.18652299904335,167.0865636927481,188.912286591199,0.99870765209198,1263.9722971842355,1263.8817258481793,1265.1814441130737,1267.92470300613,1275.1459631966513,1287.2576566603623,1302.943110875481,1319.6194787434947,1338.6142660800363,1358.902725034764,1377.9257458200138,1395.9815463490227,1411.5515332581188,1422.3068625247286,1429.0684052866645,1434.588405956672,1439.0301172398429,1277.3037107634866,1289.9825729323986,1304.941328309667,1319.400164502777,1332.4445109960443,1369.6300573137103,1384.607553917759,1400.2337104589583,1414.9101718853256,1425.7404390349384,1348.826565936069,1347.400347768421,1345.9863174786071,1344.5812794645124,1325.1966759621412,1334.0631679177002,1343.7455991092872,1353.9113161395624,1363.5044596407631,1291.793465927167,1304.2870068195093,1314.5546318039148,1323.7469062744651,1313.4579254797304,1303.0516329828263,1374.2919746335383,1385.799060852681,1396.2870134822801,1407.7042850407088,1395.6571893563282,1384.9543274174682,1307.191113271034,1321.0426972338933,1334.1819659464345,1341.9804714606657,1350.3188513195382,1363.5933960175976,1376.592267674001,1363.3254518740803,1349.993710627382,1339.8600442026755,1330.3468785827395,1318.153197318886,1311.2603173368298,1333.0778887936929,1341.5131163403444,1350.421421364593,1372.5855906643892,1350.2920974413655,1340.9988676168923,1332.0500872178627,477.3779881788087,498.41029277512484,519.3264747305237,540.1038878329765,559.1545002440992,575.2816299101115,588.2903653700837,599.0293180203576,603.9104685085447,602.9715019691015,595.9159638125792,585.9120266728908,572.2265126795677,554.1775492527584,534.0794279267576,513.5391514717445,492.3281836662676,472.00642424045077,466.5495586693129,467.3449190384433,471.78665734573383,477.63179195186757,480.5361483764964,477.29626724184493,475.60466546598946,477.8168058290793,485.30616217378946,493.0358845482035,504.2565556382421,514.8043126439991,525.6348770589248,536.7582613192446,539.5739043160236,541.797665050441,541.0002508482387,539.51008685814,491.23654436446435,491.76290664942223,492.4866733703214,494.7808522037776,496.3623104251257,495.2716169675002,499.3054802411945,498.21331396906356,499.60163756533024,501.387776466759,503.8302501552381,502.8914322484514,559.1180987553128,557.3792858429243,556.6941568566892,559.3299813632045,558.4271460713542,561.4669676503366,565.1682045508104,574.7519706825909,579.5276460328912,579.5178903258001,577.5587767923371,570.1653695834373,560.2892430162918,564.4036651898172,566.1861355670419,565.8615083331538,565.5861595809301,569.0081967921706,569.1691524471164,567.3123252054552,3.7193124850300787,5.575364045657338,7.8105023485866285,0.31538698,0.216477,0.31255934,0.2765296,0.6059534,0.0,0.5376457,0.09820427,0.0,0.5844733,0.45184347,0.37986112,0.59249526,0.0,0.8045411,0.561895,0.08998388,0.154593,0.117849946,0.79297096,0.013199703,0.000633139,0.0007361304,0.023735803,0.016326573,0.011798783,0.93356985,./stim/processed_extracts/fake/35\1_3_va.mov,20,00:00
30,1264.9299260496182,421.0781018016582,166.3236521946567,186.86393387276786,0.998506486415863,1264.4231775907463,1264.8739758759186,1266.7859696063379,1269.8331145412772,1277.6414125775489,1290.7788127174692,1307.5888053910871,1325.234612738944,1344.6120139757122,1364.9109565249312,1383.6239696327837,1401.3310112483312,1416.5969687973072,1427.0548033605824,1433.2774025112267,1438.2525681418247,1442.1473963594738,1278.8282533763086,1291.6989640127117,1306.902785119367,1321.5056109011346,1334.7570926937608,1372.576861332041,1387.474945480621,1402.7093603314088,1417.2861901182714,1428.3662044033103,1351.4768812698903,1350.1839781484725,1348.9254445390852,1347.7789276049164,1328.592500030463,1337.567172866935,1347.3862477435723,1357.472078951477,1367.0561005816362,1294.0033452330672,1306.4430168793976,1316.9656075328094,1325.716928661898,1315.4495331389346,1304.8966895629171,1377.8978071087529,1389.1076677128171,1399.640322625439,1410.5545639928387,1399.1470536341944,1388.446233370469,1311.1830290218918,1325.3844071414633,1338.4505822650083,1346.4996773929051,1354.905585928507,1368.2342069934186,1381.368626615671,1368.613908905635,1355.4413974656552,1345.4304467520726,1336.0114428859733,1323.3135554948767,1315.5294658111868,1337.7620760009734,1346.335635314001,1355.3720168951913,1377.1569546678306,1355.3883629629388,1346.05988396753,1337.029757463777,479.79437217425976,501.1326867254332,522.6033068568463,543.8787364948943,563.3502579353243,579.1170761079901,591.4110565756758,601.589604604484,605.7808406262524,604.4061938005468,596.3366226499277,585.910544633642,571.909262164315,553.6634017628512,533.7134871884156,513.041391846519,491.55882959610955,474.4788394453301,468.8709820878305,469.84327239393434,474.363902397419,480.2627678768057,483.41319509998635,479.78289116674125,477.59409522347573,479.14641030639194,485.9196433892229,496.5847776342356,508.62260733464217,520.1365342030215,531.860901657407,541.2404838335459,544.3192650255239,546.8671264716827,545.5857177233337,543.7833064673247,494.2677058240795,494.6690799757504,495.51200512263193,498.27363517676673,500.1387976904004,498.8552103573884,502.27336959699215,500.7804510186306,501.93723937803566,503.800009458205,506.92605123526505,506.1323313610022,563.7420289392629,562.6242546205407,562.4248539789004,564.7841408789835,563.8394771648946,566.0932831437482,569.2247379685905,577.7393418402162,581.7948774320246,581.804821401284,580.1755341154584,574.0139754320286,564.8682235545355,569.5712398544089,571.13778924816,570.690858619042,569.7268148573376,573.312952330344,573.5732731492478,571.8600502089213,6.77732653103059,4.589242713065634,8.6175644873311,0.2505632,0.19387132,0.31617635,0.28708598,0.62243944,0.0,0.6481478,0.4141139,1.0,0.6897694,0.42215642,0.400998,0.6392972,0.0,0.7121752,0.560789,0.13719174,0.10387972,0.25140634,0.8026618,0.027390603,0.0012319563,0.0028254138,0.018705726,0.116250455,0.008509493,0.8250863,./stim/processed_extracts/fake/35\1_3_va.mov,30,00:01
40,1262.3509064885495,420.47276462850766,167.8657263835878,190.37790652901788,0.9986228942871094,1261.4271046931879,1261.5329521755302,1262.9033626919377,1265.6143525251975,1273.235684442286,1286.2196638363423,1302.7625839748496,1320.0431037561723,1339.5464649215712,1360.1756840855603,1379.3382281364263,1397.616232695385,1413.4383223898683,1424.3856066765647,1430.951670547588,1436.0873074639799,1440.2055312856987,1275.4682244555454,1288.375823315034,1303.5045478305863,1318.24331187924,1331.681635795562,1369.4001459603414,1384.1698952398922,1399.620080462278,1414.612465876817,1426.2195429026397,1348.6916356517631,1347.2943794387115,1345.8941683607493,1344.5509848138774,1324.8596356875257,1333.8359638026848,1343.780554851707,1354.231380982714,1364.1331196820843,1290.0560248644108,1302.3141049275164,1313.0130852434786,1322.7736031871327,1312.233450264351,1301.423941660456,1375.1670346165358,1386.1877820193342,1396.8940065202394,1408.4141260929714,1396.8839844899426,1386.0225955389953,1305.8857944842844,1320.8868810908878,1334.2161541517326,1342.3301519209272,1350.9469873583032,1364.7938111358837,1379.6213232585303,1365.0301050105286,1351.2742284345131,1341.1323150471355,1331.6962058667814,1318.8356669756427,1310.0645385691198,1333.4113006941952,1342.1013337183376,1351.3587076138078,1375.3507400659014,1351.388501366918,1341.9402867722517,1332.9123506478202,481.7230975827175,502.5885289200177,523.497861107422,544.3258051493324,563.3571096241119,578.7578383056857,590.7635633735823,600.8414501489285,605.3298763316211,604.4002921709344,597.2704346281655,587.5951584095893,574.241892390344,556.3328646723501,536.345695441133,515.7395569039821,494.5094380457493,474.97731120235864,469.74858242438614,470.8469343072161,475.36008876031474,481.2066498339903,483.97908928304025,480.3085411122041,478.0252135072338,479.41483064556184,486.2664338702627,496.3869687419259,508.1741086993091,519.3184157528035,530.6303058590989,540.3025999789862,543.5327575345493,546.1015019411965,545.0799629291597,543.3098354448924,495.4755767449299,495.6493622906661,496.26848138237864,499.1611920034336,501.27053661777757,500.26864677655345,503.0070712369062,501.33205772223477,502.3210796033632,504.41407714247464,507.56597843701155,506.9033057258642,560.2738783007519,560.5426348387494,560.8701346358501,563.307407979298,562.6183661626212,564.7021450678862,567.1282525623624,574.2493544455106,577.4593453884794,577.243994289101,575.5476431093821,569.7949704852932,561.5565483929518,566.9346476347012,568.723171535994,568.4459589099337,567.6842437567168,569.8999158487399,569.9659849941198,568.2611777263381,5.93837315997328,4.487170761905196,9.095959509845938,0.3327386,0.17823213,0.3593244,0.27579615,0.72110415,0.0,0.5866543,0.04073016,1.0,0.7418303,0.5239324,0.42858586,0.62406474,0.0,0.7153581,0.6141711,0.06253837,0.07185277,0.46986806,0.7520676,0.05235589,0.0011725869,0.0059429286,0.030579502,0.06457458,0.013345946,0.83202857,./stim/processed_extracts/fake/35\1_3_va.mov,40,00:01
50,1261.3096374045801,420.93866888552293,169.05355438931315,192.52955333227044,0.9989500641822815,1261.3048129475678,1261.1762936374132,1262.438021318316,1265.5575486278187,1273.7040775459718,1286.7980439095597,1302.5335570168327,1319.130425950685,1338.799447244882,1359.6552487130284,1378.5865138772292,1396.3966442079752,1412.3798593421322,1423.490901265903,1429.8968096227122,1434.4743430795356,1437.9318846782055,1274.2229022653262,1287.1322264773105,1302.280539466258,1316.95506165126,1330.2949054124863,1366.9819958098365,1381.7116424542473,1397.042934772297,1411.8674208251389,1423.4355840154794,1346.963127677947,1345.7600153508974,1344.563361522839,1343.3880937266222,1323.0115431793724,1332.4454065564125,1342.8512051777325,1353.6734392761336,1363.809344247702,1288.8578506518704,1301.377010605219,1312.202893962112,1322.1093363138627,1311.453900870118,1300.5649679660346,1372.5401607627803,1383.8436081191917,1394.6309539293309,1406.3981600715317,1394.6608778489651,1383.7157463641051,1304.1081432021851,1318.7169443073647,1333.0209979014974,1342.0111389874871,1351.6842078159793,1366.4757816884594,1380.7421239830442,1366.215197090559,1351.2534989184192,1339.7721192262538,1329.0780842672148,1315.6333346524343,1308.520385905502,1332.0261136410782,1341.6053139016062,1351.898164529903,1376.3743058378218,1351.4107337616695,1340.7409285019387,1330.6635287179292,478.35950260891104,499.5350204333147,520.6758358750777,541.8385330970059,561.0375712097967,577.1628320094056,590.6946405380966,602.3960223195744,607.3106646363353,605.6639126429558,596.6225924279646,585.0757051031716,570.8245932987459,552.3446518998883,531.6412930411988,510.54170733500166,489.2061867392084,475.01818645051367,469.5977018236181,470.6288996487291,475.08286095054217,480.87744965601195,483.35754081030376,479.60102166024046,477.1246623891612,478.1762409786802,484.6350980105898,495.677258458976,507.14972845210633,517.9781525191571,529.0597800424036,537.911820793349,541.1559565095658,543.8226555952716,542.5342194734435,540.5447676807008,494.6413647955792,494.8476236397028,495.39001361790406,497.9471385533434,499.8763018416413,499.00196704853823,501.6635089746016,500.12390058762503,500.987246292892,502.70713493476535,505.7285694874645,505.1743022056808,557.1407552842006,554.7589600058171,554.0942854411679,556.7824256418623,555.884831989918,558.8731064880938,563.2019946191394,574.3545279234245,579.6836571509399,579.7618339073886,577.7552925682741,569.7667903136104,558.3571288789024,562.6100298085945,564.4862444217919,564.1761813870552,563.7795827283048,568.1619841367084,568.3446260815349,566.4164680606706,7.690895945697727,3.3614621467416157,10.093064332711858,0.3131248,0.23044132,0.46752393,0.26944032,0.8696177,1.0,0.62313783,0.14625326,1.0,0.8396214,0.66457856,0.35572302,0.587913,0.0,0.7470204,0.5229589,0.17069931,0.09281242,0.22521482,0.7532656,0.06143715,0.0034400416,0.0016772564,0.050227765,0.022800753,0.0086778235,0.8517393,./stim/processed_extracts/fake/35\1_3_va.mov,50,00:01
60,1261.5407323473282,422.8082542251276,168.08221016221364,191.1435422114157,0.9985594153404236,1262.3499756363183,1262.4629308211893,1264.0031790816067,1267.4995023013819,1276.1264442921668,1289.9108971925036,1306.4130795942897,1323.7655430191553,1343.6716248585183,1364.5343531697981,1383.1666130577698,1400.5845158426432,1416.172604787873,1427.0937524413594,1433.7096970307111,1438.4636583843892,1442.0156354795959,1275.847894646154,1289.0936605511517,1304.1875329655293,1318.863545022802,1332.172316733837,1369.8517369543306,1384.6131831619614,1400.0982288696734,1415.0295453474596,1426.6990792052354,1348.9614944443633,1347.6909741968145,1346.4865563843725,1345.3707582170932,1325.8464914255983,1335.113765722872,1345.2912028768892,1356.0150822705714,1366.187912078026,1290.342053230713,1302.957371433272,1313.843704226159,1323.6156196885702,1312.99014884254,1302.0039651427655,1375.415853033872,1386.6684698784986,1397.5439952308577,1409.352528769653,1397.527097069577,1386.5074588385291,1306.7961524340976,1321.7425419076865,1336.2709138001783,1345.3236115268212,1354.7626222746826,1369.9268216644869,1384.7481497057822,1369.893148386789,1354.6678230430323,1343.3118963636832,1332.6548645101159,1318.8104033133377,1311.1058603074089,1335.558695949989,1345.0761409626296,1355.1358310179176,1380.3995938346727,1354.4364166693786,1343.9599804965849,1333.9142970482806,484.04873312441805,505.6862954498559,527.2501675735925,548.7534606094373,568.073910420049,584.2746670849137,597.760452504024,609.0254148499743,613.5787173742704,611.3888879351099,601.8171322868,589.8195334791131,574.919415710099,556.2083114078026,535.6130211077613,514.5964388660836,493.2619565474012,475.62559444286507,470.5017739005748,471.77863095860374,476.36150526514103,482.37312184228597,485.16490726211435,481.72080633323844,479.52259617169517,480.7261868492202,487.0779951311757,497.91130242363624,509.62311586374256,520.6659822307253,531.8776798223477,542.2288699955525,545.2324498049269,547.6432268043271,546.5432740811611,544.6622599065693,496.53676141548584,495.9500766695675,496.6603941601952,500.27687410728055,502.10568991636313,501.0806305002322,504.36856698960327,502.1319873380648,502.9506389953492,505.25889227998937,508.33176001927495,507.8559592030221,563.1500104379583,560.5829391183637,559.485009799623,561.9652114454495,561.0794798299747,563.9025391526587,567.7398299434684,580.2491860109099,586.1862920872624,586.4640863745286,584.5837147675583,576.6339091691584,564.2624727222665,567.1641030262447,568.9315467916471,568.5230788591379,568.5276588623975,575.0375251075936,575.3546664079389,573.6197611731578,6.888321611421834,3.1356406392211427,10.347029500927974,0.32868928,0.22219811,0.2822635,0.25521216,0.84961075,1.0,0.5110929,0.8608202,0.0,0.85093987,0.7596047,0.36969268,0.49701,1.0,0.6709022,0.5422481,0.82148695,0.043912355,0.21990885,0.7665052,0.3923064,0.009507945,0.004676171,0.11263789,0.017586697,0.021018071,0.4422668,./stim/processed_extracts/fake/35\1_3_va.mov,60,00:02
70,1261.8280355438933,422.6019950175383,168.6608420801524,193.16036156728313,0.9986496567726135,1263.1823388704058,1263.4157931366858,1264.894392086748,1268.1010603418156,1275.9651878378495,1288.81882259806,1304.5785985789435,1321.4661047691613,1341.1814367186876,1362.0131836507937,1380.6262895528762,1398.288184164584,1413.8821554613648,1424.8498707401645,1431.550474469215,1436.1580375668066,1439.5726248404753,1276.0633567556806,1288.7099394453717,1303.7486218609376,1318.3537404323101,1331.49309503,1367.6886195463483,1382.3403184437311,1397.7132214336766,1412.691293471011,1424.2845929591408,1348.1802291400961,1346.9370048672038,1345.7708871639288,1344.7034288431366,1324.4979707315501,1333.8124885522177,1344.172200361669,1354.8314133745184,1364.8987322640457,1290.6387020503057,1302.7065364509326,1313.5742522043981,1323.3366816873113,1312.8061362040885,1301.8703149435582,1373.883823629606,1384.6757729563053,1395.3885156957238,1406.8755017896221,1395.59393058142,1384.6386358018292,1306.6282020029346,1321.219338877756,1335.223251405376,1343.72710023623,1352.65019963299,1366.4642263529017,1379.9039940037646,1366.3216185744411,1351.997273746313,1341.0669443082918,1330.7508631289877,1317.610548325853,1310.9804402555503,1334.358327353945,1343.3335748867057,1352.8099115026864,1375.4894943721883,1351.970678127873,1342.007793669404,1332.420791648902,480.3452334293499,502.19300206539026,524.0804707064109,546.0018919356478,565.7116215354193,582.4758691230858,596.2307085030511,607.3468756884157,611.7525884039775,608.9926954529132,599.0411400371042,586.9879504965016,572.5170879886047,554.2876221555301,533.8829110521823,512.509670420686,490.81825638926114,473.794041812309,468.5842433859916,469.99199437171103,474.8895464216378,481.1726887445684,483.8120517344535,479.9724388463032,477.3428229778775,478.345788650941,485.2305445868415,496.42999405166364,508.1744809956835,519.1907315511479,530.5052122466874,539.9902321593898,543.2086059405474,545.8001106331463,544.5881517548147,542.676983705768,494.6732809202009,494.1641993355434,494.95931852351066,498.7258936262673,500.69353418979364,499.66270874292024,502.80617268346407,500.46358916355723,501.293731672431,503.69485318471715,507.10279500775226,506.6407220421815,561.1517094965286,559.3766971979886,558.5980603855013,561.1357935731817,560.1039388413349,562.7724119444943,566.1090222464876,579.3197083652191,585.9514398044396,586.4077929850575,584.3815522575763,575.6159541856034,562.4371551771885,565.9415872855143,567.7303878579261,567.2123190266217,566.9560892398232,574.315186665541,574.8431615012202,572.9765635639069,5.771777820468799,3.3260526978332035,9.483996835915145,0.33646876,0.26536736,0.3210505,0.25086164,0.81746316,1.0,0.55582833,0.8136039,1.0,0.86926645,0.6254476,0.17822069,0.55674654,1.0,0.51536053,0.46644476,0.8750006,0.30742246,0.4157424,0.7895558,0.08524607,0.0023810386,0.0014743437,0.038359307,0.015510982,0.0114852935,0.84554297,./stim/processed_extracts/fake/35\1_3_va.mov,70,00:02
80,1264.862983062977,418.8421467235332,165.47665195610693,188.24120400191322,0.9987483024597168,1262.966841680653,1262.9360359111079,1264.1093210377321,1266.8891344513765,1274.5925257604024,1287.635389683746,1304.1532736667764,1321.7375717992604,1341.325099920006,1361.853092639851,1380.4786944496727,1398.2978798429097,1413.6723285205926,1424.1701888726993,1430.6373539400738,1435.4907436900708,1439.2244352727048,1277.8454157562958,1290.7691160155834,1305.6667215402,1320.0032258235444,1332.9450487077481,1369.4100925892512,1384.0764528813763,1399.370036414003,1414.215805307173,1425.8418057923352,1349.7702835230752,1348.7069324472977,1347.7289569767156,1346.790303293702,1326.8523124201681,1335.8289696002241,1345.6098283589758,1355.5589272809063,1365.0265312170004,1292.5117423882707,1304.4793799348147,1315.1279502438292,1324.70783770926,1314.445376252191,1303.7668484094183,1374.7245860060389,1385.289968619627,1395.85128508706,1407.2598948575896,1395.9751409760665,1385.223685051676,1308.8318729883479,1323.4079567573956,1336.7967797054189,1344.6193111163955,1352.7361736135372,1365.3365681292903,1378.0273872727823,1364.8686112559003,1351.838672830268,1341.9951254076163,1332.630467675169,1320.2483928941958,1313.185954800975,1335.8887163669885,1344.1769224931659,1352.7646501006823,1373.6079576443826,1351.784668485143,1342.888728345482,1334.1780132808362,477.03301535428614,498.47944547088053,519.756470783096,541.0619860465168,560.2259483000748,576.3771655339675,589.256629623744,599.805195626247,604.1879895470713,602.1632237946543,593.6565363649755,582.8175775138915,568.8789631350937,550.9673469691608,530.920344332898,510.11897060442885,488.90434447882075,467.14369012724035,462.5215792698852,464.1993088728137,469.1171308824954,475.432421351762,478.371955544547,474.5725862766672,472.0865081645274,473.0421063671969,479.47066324218895,491.0434335656824,502.4162020081834,512.981187431998,523.8498681957878,534.6710410234588,537.4768703672622,539.7477052823584,538.9012332869287,537.3872670471906,489.36111271825445,489.3069333403478,490.03482735833643,493.2879462432519,495.30982395477406,494.32035017685286,497.5196734095751,495.6995344428002,496.663749643944,498.73788137277614,501.8974990922165,501.3581019158512,556.4994734536629,554.8341981063417,553.8774689226224,556.4304162893282,555.414014391175,558.3346383115271,561.6140794339693,572.2417871818341,577.4848537597067,577.7112653946166,575.8862255099594,568.4907538897705,557.6043746189581,561.3076239616702,563.0012276914753,562.6400946710452,562.2641377204275,566.2693320752999,566.5615291079362,564.9275846285049,4.335364044127286,4.137571850148656,7.34969048455366,0.36479816,0.2295543,0.30931213,0.28429216,0.6443378,1.0,0.64136255,0.09194844,1.0,0.6494745,0.5438722,0.59298646,0.5103314,0.0,0.6937024,0.6410462,0.78793734,0.19147277,0.2591716,0.6899115,0.03389014,0.001625348,0.0013035364,0.008398959,0.008643748,0.028314266,0.917824,./stim/processed_extracts/fake/35\1_3_va.mov,80,00:02
90,1266.4957061068703,416.9090247130102,164.5245407919847,190.58712639508934,0.998789370059967,1265.485043177755,1265.528716228601,1266.679254893044,1269.398151941539,1277.2535348198014,1290.621567710921,1307.4882430821915,1324.9299066287035,1344.0469590575026,1364.2202756594795,1383.0737970952364,1401.2453305291874,1417.1353278963325,1427.9993153829328,1434.6170350126802,1439.9306088440956,1444.114742712417,1279.7386932912118,1292.480915049051,1307.5225067461172,1322.118084642446,1335.2890111549632,1372.664159287826,1387.5779796214642,1403.1157298925918,1417.9648943447903,1429.2546727773702,1351.8004847259565,1350.526478955848,1349.3185604118032,1348.1365219417444,1329.1964177880945,1338.0019135958548,1347.536877151374,1357.3961016075502,1366.8031983766666,1295.0960021247154,1307.415305849713,1317.9363499803512,1327.2105702568815,1316.9648350407622,1306.3780921918867,1376.8995489255371,1387.9038763445483,1398.6381976400758,1410.2700538059166,1398.3816052604964,1387.526805643196,1311.2731476711974,1325.4393698918407,1338.5566346128146,1346.4244770052317,1354.5670421424647,1367.4065714789858,1380.3960239409714,1367.1544639792278,1354.2251143595927,1344.3942577906776,1335.036222062527,1322.7349873594246,1315.4880145533723,1337.7445442006222,1346.0873067392527,1354.7681392461973,1376.0362709032229,1354.0330824384785,1345.1315706701607,1336.4273867980662,478.945615014102,500.2015666099708,521.1672415161106,542.0265266211333,560.5069033293634,575.6731174316847,587.4259699297332,597.2802732867736,601.6844797989849,600.3297461920876,592.8593677539502,582.93524204297,569.53506183319,551.7185291296757,531.6318156933721,510.874408245938,489.5603645061188,471.0027837952456,465.4165660766825,466.1142988693513,470.45650771156687,476.41518856497845,479.54483040108505,476.2319491894109,474.417085997414,476.38454415817324,483.5006920656001,492.939176177541,504.6033671000285,515.4248504672254,526.4786751465168,536.8406287301708,539.6316962193815,541.8185045357917,541.0839521066545,539.543266385331,491.55287119779643,491.3055348467847,492.0198439733838,495.1984241637745,497.1427899646013,496.13570951907167,499.4425586355451,497.595933224751,498.7142836749728,500.8566317009935,503.8922750908699,503.2470862777521,556.9723000195188,555.3720158344264,554.616102290759,557.1388949018883,556.2856771875022,559.0936345432751,562.3824146378533,571.5535440218282,576.1503822567106,576.183166864525,574.3926910585488,567.556725453289,558.0729767715986,562.0052757772335,563.7998547711314,563.4823961654017,562.9067502532256,565.3009808534207,565.465503694049,563.8557181070246,5.397187953229797,4.569233963989696,8.399630916335106,0.31126162,0.20380986,0.24831338,0.2816711,0.6439292,1.0,0.5273041,0.71438116,1.0,0.52576095,0.5266049,0.24986215,0.64718485,0.0,0.7356765,0.6121131,0.3282219,0.110975035,0.4357102,0.75894326,0.007843848,7.537738e-05,0.0001465031,0.00904109,0.004369905,0.0014622707,0.977061,./stim/processed_extracts/fake/35\1_3_va.mov,90,00:03
100,1264.9768905057251,422.43859486607147,164.4194298664122,188.2731603156887,0.9987169504165649,1263.8639166714825,1263.837919890897,1265.0966461664145,1268.1164136156674,1276.323333306128,1289.7893121578327,1306.5630194309972,1323.7604318087158,1342.6231800405008,1362.3691656944206,1380.4659818424184,1397.8764856762284,1413.312338425898,1424.2799364388209,1431.1516511093241,1436.42823671964,1440.5164442449475,1279.1708863919944,1292.2301344680384,1306.664050690434,1320.535800840661,1333.1356680955143,1370.503256020156,1384.824903317537,1399.8359601886418,1414.40863363826,1426.3054903101215,1350.017887183213,1348.8009200460508,1347.656603844532,1346.5249729407658,1327.2753971924262,1336.0517783478979,1345.723698432401,1355.736465195692,1365.1556758347322,1292.7374925127617,1304.809593475817,1315.3966190898138,1325.2474126457066,1314.7104751049487,1304.0126955298408,1374.711691080852,1385.446253979539,1396.0951843852224,1407.8772539254032,1396.2150887283115,1385.4008589278146,1309.691379492859,1323.7851896854868,1336.716275181874,1344.4373661479738,1352.5209307442317,1365.2286634290203,1378.418100769765,1365.0475949432641,1352.3238238406161,1342.6669187316904,1333.4585843348564,1321.2908588502069,1313.788043883335,1335.8458711872956,1344.0639578450186,1352.6893004658896,1374.0523249246294,1352.3444408160508,1343.5853100495613,1335.0811241419397,477.9587082885856,498.7071152582284,519.3667722758127,539.9046598614134,558.1574432265784,573.0916611284935,584.6868851205654,594.4814028173197,599.0060007449341,597.8843484034127,590.5650393308887,580.9161601640656,567.98468414365,550.9575537086943,531.7111290852743,511.5409131393137,490.8646857832107,471.362238993258,467.7312677735705,469.6712160845598,474.40743763657247,480.2964659211371,483.4159920601478,480.0087237770499,477.7561407817443,478.75853516477565,484.5448084976399,495.8416451992621,507.4278669391603,518.237080525843,529.2029683128478,537.5339635470116,540.7938830742605,543.4151072861048,542.7779202014306,541.1058579076322,493.36203307995197,494.0592127352081,494.8881336515197,497.63384076402804,499.8337838135638,498.76936344173333,502.22995845423736,501.04483249174234,502.16949456155214,503.8242930000225,507.24079246317297,506.56165097812885,555.3851939464793,554.619133932407,554.4621567393041,557.1322907191288,556.5218612635783,559.5101376631555,562.9361780323121,570.52018159807,574.2807394634835,574.0277337584123,572.0813889331636,565.3475023120216,556.5542747579422,561.4312600227029,563.3862367756157,563.3328696471722,563.3212885897758,564.353120404747,564.2905692284612,562.4964345098987,6.190634165264231,4.47938467026822,11.178602289988127,0.24355502,0.17551489,0.36833984,0.27924153,0.5001812,1.0,0.5249827,0.28864217,1.0,0.5833141,0.5558613,0.39447942,0.5986642,1.0,0.75393236,0.6939964,0.018157594,0.13894118,0.09031153,0.78962284,0.0033665025,0.00015676532,0.00014727765,0.010915699,0.006840297,0.0009745512,0.9775989,./stim/processed_extracts/fake/35\1_3_va.mov,100,00:03
110,1265.6664479961833,422.8995646922832,163.36906607824426,187.0913876355229,0.998553454875946,1266.4234393485292,1266.3068402155159,1267.447770744416,1270.0430406903736,1277.4563006917226,1290.0115613825972,1305.8523295806854,1322.3829773763755,1341.02310163956,1360.9848678587239,1379.8234578771344,1397.940901678222,1414.1871256053632,1425.7602711933384,1433.3100391286812,1439.6636062778573,1444.9901322128312,1279.672430255377,1292.810485884036,1307.497028716206,1321.5391399530117,1334.33023178277,1371.6993556589696,1386.975049792873,1402.79274773528,1418.0979353979085,1430.3479735283008,1350.784041174677,1349.1518272761343,1347.5233000686826,1345.892417661115,1326.9006927988012,1335.6225474827595,1345.070385911552,1355.1669481541019,1364.7852107367394,1293.528182937553,1305.6769474629596,1316.4850410859956,1326.222221201761,1315.4764467090658,1304.6491367941744,1376.0579746371986,1387.103127180997,1398.1423381972302,1410.1753098442086,1398.1647125983318,1386.9765217929457,1307.4857010065575,1321.8153473847922,1335.063348037046,1343.159054035631,1351.8194192620165,1365.2688831969165,1379.1591576262465,1364.6709701492969,1351.0832452621353,1340.9576645454292,1331.477977387796,1319.1248390341457,1311.6417326293579,1334.098512207725,1342.7038380132187,1351.8843478470312,1374.6608190775019,1351.322873492115,1342.0399191441677,1333.1881203083572,481.57296966643946,502.3687978903038,523.0411989080914,543.5942675563674,561.8723065653616,577.1385263715259,589.3631791915777,599.9687523682794,605.0209108715634,604.5861221956114,597.5791475960838,587.9970159243159,574.9823005199114,557.5820954450459,537.891110330123,517.5018619080943,496.41259716069186,472.7110943210419,468.59475317292294,470.59705465332263,475.5269702414972,481.6623669072045,485.59310222800354,482.35854265057105,480.466152739219,482.2396251174435,488.93998879278456,498.0691994240714,509.89831244283107,520.9945433891443,532.2333308515671,541.2702470783099,544.3785224313431,546.9863846688298,546.6239113418928,545.3798839351897,495.08823200457886,495.10155360523476,496.2648083534157,500.17738454604785,501.8667187383117,500.5196178719883,505.4428492416521,503.3305960467481,504.57618243534614,507.1856036547278,510.35287944702947,509.5698891539342,559.6474052194568,558.3796518479492,558.043821722324,560.9548758292835,560.4397427130124,563.9761827416713,568.183587167001,576.1546816685418,579.7768723923316,579.2737962948358,577.1157103704026,570.2595488692091,560.9011076811818,565.7321717735804,567.8504735506004,568.0099580675434,568.45392667122,568.957738768752,568.6344607891994,566.6668784377817,4.513925964154154,4.86483746624679,12.257146172009486,0.30705905,0.31364915,0.25536335,0.2869711,0.6299795,0.0,0.5061783,0.3602454,1.0,0.6865868,0.51527375,0.4575679,0.575877,0.0,0.68484783,0.49252725,0.1798978,0.19299284,0.24552393,0.7609579,0.014127211,0.0001007895,0.0002551311,0.0067475997,0.011237406,0.00085473456,0.9666772,./stim/processed_extracts/fake/35\1_3_va.mov,110,00:03
120,1268.1512404580153,422.59654364636475,163.56244036259523,187.47025793207905,0.99770587682724,1266.0157686997063,1265.8460017442271,1267.0009487050745,1269.8459288420515,1277.1799028863963,1289.429958277555,1304.959603647998,1321.144992027921,1339.3184804167715,1358.5722984913868,1376.9076526309286,1394.7151647230062,1410.7661354068841,1422.2451210391732,1429.9789423065429,1436.4480746779207,1441.7770065457532,1281.2738700766727,1294.4503710611991,1309.0381941618377,1322.8990661952532,1335.5085845013853,1371.3624617375274,1386.078789201481,1401.3035962356591,1415.8971516486383,1427.4773477921494,1350.7699844721196,1349.1208820174402,1347.4783499324612,1345.8762524389754,1327.5559766274498,1335.9868805977414,1345.1531363222302,1354.6622312559043,1363.6598162039406,1295.4241199641801,1307.8057335996725,1318.3107960130494,1327.4164233159045,1316.9613091211688,1306.4172267571219,1374.767240725211,1385.8290212904399,1396.4763322078313,1408.013901401796,1396.2466910823423,1385.4337666217466,1310.4284039369434,1323.5367272791393,1335.862157549234,1343.4232585469888,1351.391742579547,1363.3306540908666,1375.4700423315555,1362.4583235373327,1350.357700477876,1340.9627288432232,1332.0386448778665,1320.8319943652018,1314.4297456755908,1334.833505832501,1342.847238258027,1351.3062607288527,1371.2912872020786,1350.7011296794426,1342.098826217935,1333.8199324437844,478.79953194394784,499.3630861737561,519.7354024185285,540.0137757855023,558.4368242471684,574.0861844353368,586.6797863560924,597.4986241494184,602.6508935258158,601.965577148225,595.0366127602409,585.6669973890647,572.9972730422082,555.9671563659522,536.6637320000988,516.5689803528754,495.7125887681941,474.3173464145705,470.229838970423,471.9513026497727,476.7232012561859,482.6628355787563,486.2571965501328,483.21858828853,481.5437809385123,483.2438238717467,489.50345531210496,498.79422624687595,510.60238069669776,521.6859172309859,532.9439641254093,541.4369312715344,544.4556406991873,546.8204642524694,546.3772458849629,545.0157982384438,494.6598747485479,494.7405092754735,495.987739760547,499.8599871434987,501.28840562975,499.8473224206782,505.16149777452034,503.11343978984695,504.27454479617376,506.62932507005655,509.6450443090499,508.91479464805866,560.2267404516624,557.974310447011,556.8415250749849,559.4943989995012,558.7921873855377,562.400352837744,566.6335213554748,574.1586864536434,578.0155202856346,577.8633692958574,575.9851687768579,569.6575273056415,561.2422782468301,563.9862121318273,565.8223756936617,565.7784748969285,566.8974759015015,567.3679680077237,567.328438518179,565.6511572228354,-0.7421846917303317,4.406828014530225,11.926257959655702,0.33008733,0.28684857,0.21646327,0.29085937,0.503919,1.0,0.48069972,0.2372506,1.0,0.38199148,0.32908106,0.28665927,0.6223937,0.0,0.61909896,0.6175584,0.09835061,0.15373576,0.093262166,0.7858638,0.0056711715,0.0001484519,0.00016954856,0.023764031,0.0055436385,0.001629505,0.9630736,./stim/processed_extracts/fake/35\1_3_va.mov,120,00:04
130,1269.1559816316794,423.8254988839286,162.8086235687024,186.52778164859694,0.9978761672973633,1268.242864058458,1268.2310001237147,1269.7210396174805,1272.8065031656383,1280.138925149587,1292.2804532852563,1307.5647667521862,1323.798358432031,1342.2298966165424,1361.7264472483391,1380.3096850336356,1398.315849292495,1414.6034807448193,1426.188778122736,1434.0411753202543,1440.6621914831967,1446.0353365094068,1283.1592054318785,1296.4850390960887,1311.3013491884058,1325.5011149070126,1338.495188662,1374.7715189123014,1389.796590229128,1405.3200201834566,1420.2378124457196,1432.1205987377828,1353.8775588670565,1352.0824191296294,1350.312835048093,1348.6097583769529,1330.105342212644,1338.7197062058026,1348.1189243491724,1358.0125320318314,1367.4151189056176,1296.947615812892,1309.7136698785946,1320.4521217958875,1329.9815063483913,1319.1891547444382,1308.4196037752629,1378.8424928699208,1390.2756303650747,1401.1269580989492,1412.9171810182277,1400.8453589191622,1389.8409907630896,1312.7402039921042,1326.0327606034796,1338.8095012159679,1346.765295089629,1355.071183437957,1367.8068255393669,1380.4631390425384,1367.0318841285587,1354.265062926227,1344.4544194023545,1335.1014762746236,1323.4782423226925,1316.721289549012,1337.8426355619786,1346.2569303221774,1355.0926365805683,1376.3110754078098,1354.519472115565,1345.543620001104,1336.8856092691062,481.77366590067555,502.52758015115006,523.1454177050672,543.6935258747442,562.3918074714445,578.3947178314378,591.4533177830915,602.4306160222745,607.40717142332,606.4729857897453,598.9973393970786,589.0604652085188,575.9626812519834,558.5864095441868,539.0292284356505,518.7151836577478,497.62994643239153,476.11828797311523,472.0498822555164,473.7047427218073,478.3300229248521,484.1717416750818,488.12519030106967,485.18613644633024,483.5398612395358,485.2646912371857,491.610698924601,500.80551851611955,513.3738181002569,525.2091353118403,537.1434198193759,545.6199593786129,548.7666337590472,551.2019523491249,550.5948604328399,548.9600188972009,496.8867578072893,497.2030715872471,498.4511428465786,502.14221740378866,503.6261798412986,502.1691072103392,507.24059410159043,505.3357871799189,506.49035449025064,508.73349534852167,511.8103803079362,511.05922680339444,564.3195217599466,561.9720970153438,560.7857969315662,563.4723494324112,562.6670427525837,566.1134340787665,570.385664663433,578.3757328675472,582.9017455907415,582.8923665116023,580.9943370752832,574.2456160111743,565.3681508371283,568.626493627797,570.4845385688387,570.3440525043504,570.7100100303633,571.6514934680478,571.6862614342449,569.9654739130947,-2.3868218411395565,3.9247988895581836,10.618039378878775,0.3304917,0.22235993,0.35327673,0.2893934,0.44114497,1.0,0.48237017,0.052190285,1.0,0.31597534,0.37766597,0.36594805,0.54701096,0.0,0.56907755,0.3061069,0.092725925,0.07706188,0.3490821,0.7065037,0.018205162,0.00026038795,0.0007095705,0.024749575,0.040995516,0.00092214363,0.9141577,./stim/processed_extracts/fake/35\1_3_va.mov,130,00:04
140,1269.6447101622139,424.8275172991071,161.901836832061,185.6276944754465,0.9978287816047668,1268.0280964508725,1268.0999356676687,1269.6161736529214,1272.7041646121493,1280.0471628737967,1292.2131340722583,1307.5153950999565,1323.809032672447,1342.325998243497,1361.84930368186,1380.3200980425584,1398.0833277326476,1414.0726801005853,1425.401375732815,1433.131903468203,1439.7253647404136,1445.0429339058994,1282.6162339070518,1295.7964315864708,1310.5163843629573,1324.673340469959,1337.6124387938726,1373.628930390197,1388.5687258413052,1404.0286394791292,1418.9008012435288,1430.7624009361098,1352.8047386528779,1351.025842576589,1349.259546494153,1347.5699722920951,1329.2658789038098,1337.879083342395,1347.3277377422016,1357.316824333566,1366.7819423712838,1296.2343510777775,1308.9210445722492,1319.5541647798645,1329.0420265367288,1318.359236595706,1307.6899561317596,1378.0802201047602,1389.4889237063867,1400.2209319584872,1411.926073982404,1399.9075651988285,1389.0369968457285,1312.6338007166648,1325.8607006915292,1338.4603028691643,1346.4483803208414,1354.7764584496363,1367.642552488829,1380.6407406680034,1367.1160612809865,1354.3285280043096,1344.5062552409408,1335.1538799300954,1323.5570527110801,1316.5707677105995,1337.6024079241615,1346.0524696604627,1354.942860686684,1376.5720446550893,1354.3974097409891,1345.383820250109,1336.7039978250573,482.0245078018161,502.7556999006287,523.3715602327362,543.8783356865556,562.5504644063535,578.5173651519464,591.5551722791259,602.4002087163367,607.1463568750358,606.060765834585,598.3372882538187,588.0905988376559,574.6840593297782,557.1474303721308,537.596953292651,517.347661169484,496.3297030356539,476.5827842185024,472.37428005461777,473.8815061896833,478.40400113821187,484.1859710254994,487.9485695059779,485.02562319752656,483.37445972488547,485.0578003156535,491.30630190368174,500.42734318618585,513.1046763058777,525.0624024004557,537.1017429968396,545.4802343781733,548.6580617003169,551.0686038330415,550.2556851569287,548.3846325397201,496.9273862003344,497.19848522508175,498.3284285094373,501.7554475962047,503.32402733674365,501.9843917416234,506.6170602928825,504.9040984310019,506.0183149580142,508.0531210253648,511.0570976420186,510.3343704919783,564.3889482301785,562.089588761863,560.8857914566362,563.4320125537262,562.5157579954669,565.5103344059585,569.2330417573211,577.2040846546112,581.7546872817346,581.8746328501929,580.1446762653075,573.7935623985733,565.3776826266285,568.4075496416102,570.1524695490165,569.834216806494,569.6537009830757,570.9723985483688,571.1470458814994,569.5683157771033,-2.138029420067206,4.081963126336153,11.2275390587342,0.35016513,0.25251356,0.4286889,0.28136995,0.54480714,1.0,0.52549356,0.13548534,1.0,0.517569,0.3845853,0.3275589,0.55374503,0.0,0.7139304,0.38559133,0.03222568,0.11595749,0.1797396,0.7347199,0.0221648,0.00036660273,0.0008453179,0.020606013,0.047083523,0.0008876239,0.9080461,./stim/processed_extracts/fake/35\1_3_va.mov,140,00:04
150,1268.598371898855,422.1173399234694,162.7922232824426,188.20548812181124,0.9981696605682373,1267.5446602079487,1267.261083498101,1268.4609882538764,1271.3951320346716,1278.866570480556,1291.2335310802223,1306.8434053781066,1323.24764984731,1341.6891316384656,1360.9977161152492,1379.1818946899502,1396.7975669636517,1412.754000990322,1424.2451055603979,1431.9779866356832,1438.2438597627222,1443.2062014645148,1281.1351673324548,1294.4484953276103,1309.2707100146763,1323.4680752694003,1336.4290147038812,1373.0695365718288,1387.7472083434043,1402.9848518214817,1417.6263525277327,1429.0959590734974,1352.17495116878,1350.5032744906512,1348.8958226553443,1347.3336889783611,1328.723675868884,1337.2863308749982,1346.5561860734554,1356.2428835210033,1365.4598551950362,1295.5057619709262,1307.8866249404155,1318.6408601599887,1328.022392008216,1317.4008603100306,1306.630350130287,1376.7151276499574,1387.8661407446482,1398.7373833701763,1410.2856051081615,1398.5578741941054,1387.5868952742007,1311.6274225163138,1324.7892681898852,1337.392050808577,1345.1136915267555,1353.2661542675046,1365.4145033829489,1377.267103222182,1364.5018267703927,1352.2930354951764,1342.7729174476501,1333.697042543695,1322.3059434981062,1315.7523576136493,1336.3303149454296,1344.5144526086603,1353.1532122362157,1373.1709690159003,1352.612665482175,1343.8643291997103,1335.449589216218,478.9558001794126,499.8093952981617,520.5579704816188,541.1441797162809,559.6709401448876,575.2976345939156,587.9389171183866,598.5734795539124,603.4475272410183,602.48963343143,595.0559208547575,585.1949507567847,572.1040270250304,554.869342280475,535.4595070899443,515.3537591794469,494.4795948802677,474.49946973925626,470.3485943207893,471.8783530770038,476.5462781916312,482.51014244239326,486.20335359628865,483.2657636700811,481.60939945447797,483.3411346394716,489.7434535864322,498.56164835177833,510.56399397838396,521.7927405366835,533.178724210176,541.6458361808825,544.6964287151536,547.1208862433064,546.635975891568,545.182173680234,493.95279232336014,493.5568086770681,494.78830085553943,499.3180166930224,500.6951017844143,499.29008406907434,504.44682337204,501.834113419983,502.9279078585196,505.77470666076675,508.895467292546,508.1751219400659,561.432956986542,558.3609741200041,556.9439891262593,559.6582728681959,558.8706940264104,562.7156096167312,567.4556210934029,574.6929841506025,578.5198209390137,578.3819751225183,576.5593545830258,570.4430253207767,562.2096185473531,564.5702820008601,566.4005621369919,566.3195104122732,567.5461362565001,567.5680112029654,567.5521804724773,565.8676749795906,1.3212004285234635,4.518489758400314,11.954819725614763,0.26951605,0.18572195,0.25311136,0.27643883,0.50294983,0.0,0.47543105,0.2353076,1.0,0.37186077,0.28818154,0.2799069,0.5635355,0.0,0.6532089,0.5544596,0.027863255,0.1382062,0.064633496,0.67761034,0.010490495,0.000115941424,0.00039727948,0.015138958,0.0148942955,0.0006323432,0.9583307,./stim/processed_extracts/fake/35\1_3_va.mov,150,00:05
160,1271.0257633587787,420.3503907445791,160.83611641221364,184.4658944913902,0.9983856678009033,1268.5239619836082,1268.29858487981,1269.4491206956702,1272.2623119635734,1279.3510711891704,1291.5181890631454,1307.2413121386664,1324.1035581950166,1343.0277538996438,1363.1439641486022,1382.1566917873981,1400.1855802704335,1415.9087066444615,1426.6869748534057,1433.8282298216366,1439.6654529398593,1444.2113236698824,1282.597155247996,1295.3690082442786,1309.8362609739193,1323.826602333596,1336.5313439016895,1372.8905648468888,1387.4210961393123,1402.6260402208607,1417.2774288183489,1428.9294452056013,1352.255446633859,1350.740692947695,1349.289296988487,1347.895901980487,1329.7113371500216,1338.1632473707873,1347.4596809957652,1357.2091711863889,1366.5054860651067,1295.9774047096164,1308.2342023982776,1318.7321304773784,1328.3614956315434,1317.7873918263736,1307.2381983478372,1377.3392615537894,1388.4699290816172,1399.0692598701148,1410.7050739898323,1398.7751781591335,1388.0252375303178,1313.0683032874483,1326.1946468562012,1338.7478418079222,1346.5553160733084,1354.7265035373916,1367.2687342510658,1379.6354843798752,1366.3844836257235,1353.8166564959113,1344.1509154039663,1335.0467517656757,1323.7518053835508,1317.072242472905,1337.7877585012634,1346.0417187058843,1354.7045486732402,1375.4883108162765,1353.9416171439755,1345.1668094530296,1336.7123989637803,477.52218605852585,497.997735685589,518.3330855611655,538.7926176370989,557.4186282877453,573.3293209771447,586.0368464853441,596.4083427821541,601.108926695495,600.1610940447043,592.8355844623653,582.7452001460912,569.2375623350821,551.7207473091283,532.1279573821375,511.9508303015759,491.1250055942879,470.624400506273,466.34739769793214,467.79777771691175,472.41113590494876,478.3873251329526,481.87954050309423,478.93001533418305,477.25985577818193,478.97212407753614,485.32740414496357,493.84041591373744,505.66416578163637,516.7115921808993,527.9471786268356,537.2568458628376,540.2441455365961,542.5091776782743,541.9407789116598,540.3891083325292,491.0789518362826,491.3312414606053,492.32736425730616,495.40729920823264,497.09554118089216,495.94549684261,500.45116536646145,499.0788148346164,500.3124433462158,502.36420720415305,505.17742486011406,504.341787634391,557.080861146953,554.0085391507232,552.4592830788881,555.0977854036628,554.2514148353993,557.9266907600302,562.6216012409278,570.1955016120386,574.2437859287531,574.1624579343843,572.3505087464094,566.1076747905993,557.9834118904311,560.3903590073578,562.171750824314,562.054957280162,562.8352125694211,562.8397777034334,562.8307793756982,561.2601093948981,3.163306271721431,6.1789648099230625,10.700055553899192,0.3408308,0.3125189,0.26917183,0.3105324,0.46395168,1.0,0.54347163,0.21984175,1.0,0.32414523,0.52907866,0.3370325,0.5607322,0.0,0.7579168,0.5598692,0.04235507,0.1666608,0.18530673,0.75860703,0.004627849,0.00015914344,0.0002226968,0.0052150213,0.0054889387,0.001359323,0.982927,./stim/processed_extracts/fake/35\1_3_va.mov,160,00:05
170,1269.7814289122139,416.3811346061862,161.17172590648852,188.46480420918368,0.9984902143478394,1268.1236573007395,1267.5601101946093,1268.319000122385,1271.0697835985618,1278.5823958849696,1290.906376177299,1306.4499222775949,1322.9599747157952,1341.93372930614,1362.3171335048992,1381.2407018569977,1399.0983080383203,1414.802893594756,1425.829199710998,1432.7807553311136,1438.0803034654498,1442.1708256238776,1281.9966136618523,1294.4374693858645,1308.7728589736862,1322.7775693752553,1335.456826581004,1372.4981594021056,1386.890744855863,1402.0625447876828,1416.6130355852,1428.0794384799171,1351.994863609749,1350.6697743753664,1349.3923303891922,1348.101446789929,1328.7858650092942,1337.7350027602818,1347.6539022820334,1357.9085360100062,1367.4729977516538,1295.305530894891,1307.4713935326224,1317.862351039103,1327.9822044546652,1317.3704369359382,1306.8540542740018,1376.818206427205,1388.0369403035775,1398.538602747366,1410.3870573112683,1398.2594712847376,1387.5539769557702,1311.3417325012804,1324.8160769477915,1337.9679043802926,1346.0878638358502,1354.6011510251358,1367.5401014567276,1380.1127584013825,1366.6251832826072,1353.6043415275274,1343.3961600630507,1333.7558932419574,1321.7543726734118,1315.55832685772,1337.0689533292457,1345.6548508253572,1354.6207375425067,1375.5055862420777,1353.7101060253196,1344.4959841275886,1335.5951656274724,475.0907080075244,495.7018172657667,516.0478547569195,536.3068111040832,554.661116807474,570.3743430780422,583.1404657469277,593.8760475547472,598.8327035745872,597.767280605941,590.3210879119044,579.9860254462211,566.5284973661379,549.0214938897702,529.1737061268094,508.8319822526964,488.18374218777956,469.4056573103714,464.8590510303147,465.90074910524237,470.1036949077676,475.68005593557336,478.5021185633178,475.28451073308617,473.4525040962724,475.01648683433507,481.25916689424207,490.71290347850174,501.9877615565766,512.5030051540135,523.2980744368211,532.0907626897999,535.3125223764323,537.8111850466785,536.9321103341474,535.0965314832226,490.1152518376513,491.32991247581776,491.8177421228481,492.9389455518388,495.2193324598496,494.49078276192415,497.108144041055,497.0779419817504,498.39526670546184,499.27517718129434,502.05746017190086,501.16064570929393,550.0991702268198,547.515448420572,546.4344559904232,549.1173370683711,548.3219330463569,551.856241247622,556.6842031990933,565.829556605174,570.6912456498744,570.6964893905882,568.7550516814986,561.2011803221086,551.2129461464702,554.9370804575888,556.8062516012103,556.7186447351446,557.0301148455175,558.3660285626593,558.4661853582999,556.785559719473,4.325808107327058,4.6110527833515365,7.448269489494574,0.33017772,0.2863614,0.5409095,0.29729056,0.6102332,1.0,0.5709876,0.14562608,1.0,0.67322975,0.35906306,0.5586655,0.54577863,1.0,0.59548783,0.60434556,0.10655271,0.12188056,0.09616886,0.8107705,0.0030310976,0.00012482474,0.00014846082,0.009391872,0.00410835,0.00057223055,0.9826232,./stim/processed_extracts/fake/35\1_3_va.mov,170,00:05
180,1267.7944596851146,414.61789799904335,162.65311903625934,190.74333637595663,0.9986121654510498,1269.6252221335337,1268.8642243437541,1269.570530650773,1272.3623441067807,1279.6657393222642,1291.8463664630713,1307.1394966316732,1323.4311326288473,1342.6376012526068,1363.6046751691142,1383.1010922150433,1401.3038501955941,1417.143567759165,1428.336061182349,1435.5285556456056,1440.9350960727477,1444.8945479577105,1282.5034513304086,1294.8009071184872,1309.3547353203114,1323.4485002016704,1335.9633712611615,1374.3792963314993,1388.3069710074005,1403.1784020462508,1417.3895105991346,1428.94752799017,1352.8291262809225,1351.2312277230433,1349.6772051386115,1348.1415051388628,1329.4542491772609,1338.1433359046043,1347.9718472819573,1358.3864494377115,1368.1225497745957,1295.7579108602351,1308.6026157300719,1318.792865135403,1329.1772411657926,1318.2162494389543,1307.7876427164263,1378.3867170978808,1390.211073653607,1400.2372656644395,1412.105443621507,1399.516600071956,1389.1465492194645,1312.3737119902153,1325.7363538992252,1338.8052341601394,1347.0061870398508,1355.7335083491555,1369.234401867908,1382.6054410597715,1368.7456404410536,1355.2483623243422,1344.757420613418,1334.9260919510784,1322.9493223240302,1316.38302913729,1337.9518014545945,1346.7120297439847,1355.9792465437263,1378.2531927968446,1355.1370761566143,1345.5968555737027,1336.5215211211487,476.24007963219594,496.99582988865427,517.4685078083342,537.8443816329897,556.4168519905488,572.3527392484087,585.4032764601002,596.2652812076633,601.4350059796112,600.5442391318585,593.0855828632567,582.2115586092858,568.1550528334883,550.4738541156651,530.4569146770278,509.5771356660258,488.34792463701103,471.12943598680744,467.0046374413349,468.6507709196508,473.3377917685414,479.146139792697,481.0993914421202,477.68527861519556,475.7060915722637,477.26265858115045,483.55266683683084,493.4148355607308,505.2283800179007,516.3612670580022,527.6544733033227,535.4865801382128,539.0971798337921,541.665534157617,540.5595622087561,538.2713401494839,493.1908375289986,496.15095818228144,496.65245537443843,495.59275375018814,498.0935682709804,497.3871732842886,498.94808559713783,501.0834784727779,502.71321985467057,502.0143558186452,504.28265905912576,503.1433367318156,552.7181456293832,551.0874492356309,550.6752934029645,553.2970328897561,552.486527967312,555.0918821791935,558.708907740287,567.9151265682361,572.9296073408492,572.9660069357368,570.9741523426351,563.3600337862731,554.0486681525524,558.1604171431113,560.1085049069779,559.8442940544319,559.354345684266,561.5840118735017,561.7212334347383,559.9932349754918,3.6359403887309387,4.14014477582247,7.9254095303076015,0.31399465,0.33714813,0.5933667,0.2752698,0.58978343,1.0,0.4775903,0.19913335,1.0,0.7146386,0.5833413,0.36802647,0.58539593,1.0,0.6964591,0.6583471,0.04050997,0.13161209,0.2706665,0.7931018,0.005550468,0.0002497795,0.00050140684,0.028166434,0.003838439,0.0025059036,0.9591876,./stim/processed_extracts/fake/35\1_3_va.mov,180,00:06
190,1267.613907442748,416.34856736288265,165.06560114503804,193.00081497130105,0.9984942674636841,1264.6537099168281,1265.3670433408834,1267.250121272572,1270.7549753197436,1278.8428661640012,1291.598294564372,1307.0776809429963,1323.2442619362462,1341.9525539776805,1362.0815631303017,1380.6849548216685,1398.3909025522182,1413.9868609806047,1424.8470082765725,1431.676698866632,1437.0584636877882,1441.1779455756398,1276.9452141377499,1289.521115093374,1304.1874133230217,1318.3975593033542,1331.3040916952818,1365.4814305493182,1380.199298917506,1395.7339930014264,1410.7798975610415,1423.4011945952545,1346.6389933372325,1345.5273519449345,1344.353548916059,1343.2148921289615,1325.8918465513266,1334.2772414973601,1343.5458962866035,1353.3750135331104,1362.6937234176748,1290.477607777367,1303.1278631889131,1313.2233450498077,1323.1029936466794,1312.6718279046697,1302.3259463267236,1372.979162018549,1384.5337996042326,1394.636342463819,1406.5278649215977,1394.1620614627302,1383.7640748221008,1311.6856624607783,1323.724989636043,1335.290346411334,1342.8423157375744,1350.8946496563567,1363.577031576614,1376.5677368708366,1363.9857550355957,1351.4389470511212,1341.700394187641,1332.5304346284024,1321.498966659384,1315.9075184762914,1334.6559401818456,1342.6990250896336,1351.2333705261565,1372.2296608201582,1351.0766895190152,1342.2201540942826,1333.738569433909,478.15026234940586,498.8865657052579,519.3156155354316,539.4794120129865,557.8488037261985,573.4549636756669,586.3091563285132,597.333093946043,601.8140327053475,599.9924192832887,591.5429093647734,579.9147490439324,565.1213838979423,546.7305261965272,526.2545686956693,505.0238366797044,483.3903102349398,473.156962892255,468.51030808447234,469.75653639123055,474.06045322145314,479.59236952407883,480.38015058439066,476.3267301026781,473.597629950402,474.0919136633276,479.40637467388325,492.2718110871097,503.8522492721192,514.9079372258981,526.2307283344945,535.8668035366081,538.6692814768543,540.6817972467331,539.2864251865691,537.1091527805463,492.6320669675828,495.0662341050944,495.22754651997997,494.00498601822125,496.6427004200765,496.2212078041251,496.8041991956314,498.4507440245124,499.6047790179496,498.31748234147807,501.06585356740777,500.3891986839672,555.9966271543767,553.5595679753676,552.233908610011,554.5239775366815,553.2167195618554,555.6761696301669,558.8819320587504,569.4079139679451,574.8449381786687,575.2697990911613,573.6673596206782,566.4588737146752,557.1613123149513,559.6155304800288,561.133707319006,560.4727205362796,559.6355884098417,563.0958780991895,563.5951590389507,562.1653033527216,3.629727709029868,4.103277654888556,11.514257449826024,0.2910279,0.25491333,0.41953108,0.25804847,0.3098034,1.0,0.45914322,0.021464901,1.0,0.20874132,0.53610456,0.40964615,0.6283543,0.0,0.70718336,0.681345,0.025858158,0.2526468,0.05780247,0.7802841,0.009419454,0.00044398656,0.00047417093,0.01669092,0.0041727163,0.0056856275,0.96311307,./stim/processed_extracts/fake/35\1_3_va.mov,190,00:06
200,1263.206405057252,421.34691079400505,166.06169489503804,190.7254784359057,0.9988351464271545,1264.2060067913305,1264.7315517715256,1266.3397025633622,1269.7868975743072,1278.6283164920908,1292.7062675160246,1309.3033448854314,1326.2015570491021,1345.335017576809,1365.5569328161566,1383.828719072089,1401.2417299279673,1416.7800233903954,1427.4543102253056,1433.5231970736113,1437.9294820878686,1441.3605730138,1276.5993450187686,1289.235158518609,1303.4369561632918,1317.2956638138307,1330.0667352576845,1366.529084794395,1381.3301099175183,1396.6937889892888,1411.6972440298318,1424.2556337816893,1347.0228702887564,1346.0005166732035,1345.0420814738563,1344.169548369663,1325.9542389557091,1334.8649204449746,1344.7591515939935,1354.978602045613,1364.6463051271264,1291.249683379454,1303.1100793881553,1313.760779638577,1323.2080593353837,1313.0022369912851,1302.3385702581822,1373.2300484533835,1383.8391822937792,1394.6516600487957,1406.4458662900383,1394.897347953151,1383.9689153293384,1310.6331767086583,1324.3243091111626,1336.961111637825,1344.963232163075,1353.2769029581561,1366.683809514617,1380.704526579488,1367.1330186763337,1353.5671857408756,1343.4506077205026,1333.845554372512,1321.539632474397,1314.8315478222894,1336.443577774889,1344.8848534926433,1353.7587159006284,1376.1228495948644,1353.033343166687,1343.8551537951087,1334.9466549857264,481.1380896763223,502.0945244424971,522.8436250823896,543.4393106099901,561.7107967474386,576.8050921963717,589.2383734656727,600.1008073065166,604.4797678969855,602.2911402110805,593.1503360533769,581.8561544898823,567.7916201263556,549.6613397356024,529.2432425000006,508.05449556462986,486.6876419507881,475.86352778364414,471.6455261928134,473.3829666633578,477.83579050525015,483.45813515382144,484.98108640059127,481.2869961904806,478.79273875392704,479.39459908997657,484.8651997405414,497.752048710451,509.49870663461246,520.5521931739846,531.7922579181246,540.0062552721636,543.1830503499503,545.6517022231238,544.3253012998383,542.2475264685023,495.98607652130806,496.0941669216501,496.71966840918486,499.4633515893937,501.8298335814085,500.908988222175,502.8492815043665,501.094365953007,501.7177666111542,503.07312896814034,506.91022563585,506.6747417599488,557.3894725476358,556.8731323377608,556.6592706344527,559.0729462580675,558.1046003278756,560.0687393877912,562.098086009218,573.2482516256678,578.8693344124316,579.2078271370717,577.3998042558036,569.6456566279119,558.795541286659,563.8044505749251,565.542573132933,565.0671581708683,563.0441686046013,567.79845464274,568.2449490963519,566.6178703774029,4.901369007814147,2.7042848056032396,10.850358554009462,0.28154984,0.2885328,0.50690717,0.2845384,0.5883555,1.0,0.52186006,0.66747624,1.0,0.44033015,0.6955689,0.45009926,0.60030615,0.0,0.7176606,0.69153935,0.6443921,0.2035625,0.1654231,0.7186059,0.009325625,0.0004550333,0.0009799373,0.032630064,0.005668744,0.008140822,0.94279975,./stim/processed_extracts/fake/35\1_3_va.mov,200,00:06
210,1263.6232705152672,424.2914031409438,165.02877504770981,186.1335911192603,0.9985264539718628,1264.3640271982008,1265.2655148148965,1267.348379132591,1271.0799906220254,1279.812737739952,1293.5902215828276,1310.0185688820998,1327.1155706146583,1346.4617631987473,1366.9851787305238,1385.823302049408,1403.3330896739367,1418.6443435986964,1428.7786096864668,1434.5872875462653,1439.0199148018755,1442.5321928061626,1277.0602804004825,1290.0818277372862,1304.3861326451715,1318.1977751180427,1331.0988735938015,1367.8216807435306,1382.567385178977,1397.8204732440663,1412.7881771553673,1425.6770606674622,1347.7532476457764,1346.5998888096613,1345.4814108507119,1344.4390584091798,1325.9536779456182,1335.0608686172566,1345.2379370027702,1355.9832841065358,1366.1628154547502,1291.0158797148777,1303.4651976081248,1314.1573846574922,1324.0655707393123,1313.430617617783,1302.6673041996146,1373.9628053146669,1384.910141986508,1395.7288587521286,1408.0081922790962,1395.9152451186633,1384.979704041161,1310.9862003606193,1324.4281388188133,1337.17461649022,1345.6852176858613,1354.5535941687212,1368.703847416338,1383.3796835909582,1369.4115564500694,1355.5652194863987,1344.9223582576035,1334.8912969636458,1322.347833985331,1315.1654020676463,1336.71828275504,1345.6958283954418,1355.186974982141,1378.77406316058,1354.8834714108634,1345.1499293544862,1335.8178235916885,483.8788119049916,504.63409207673703,525.2588485386608,545.7556507599587,563.8877957756578,578.6167653780522,590.474732583533,600.582598373815,604.6920449831665,602.8315229591077,594.1751676248365,582.97161626557,568.7085193863286,550.6085260188565,530.3417378871742,509.2767900807436,487.88852849493526,478.85454772540936,475.31028448929385,477.2162581601632,481.2851391081696,486.1510614127249,487.3305276534668,483.9526541894189,481.3711164763896,481.34330496784025,485.86145693906604,499.9004175558939,511.92810286141633,523.2164400474883,534.643561853413,542.4614980577645,545.7105718858811,548.1230771344316,546.7570780807245,544.3985583119095,498.60889982558507,499.0644414187072,499.6787708828047,501.8969017776836,504.2136976270186,503.4183936576721,504.5486472409929,502.99389870788985,503.5610657645982,504.3060920115721,508.16657968848114,508.0391446670192,559.568544684148,558.2908128883068,557.7601709027833,560.2173822526782,559.1529563400238,561.2680688274567,563.9395446189949,573.8279537759945,578.9086597413569,579.2157312802224,577.4607571928698,570.4403549376071,560.8314055106022,565.2048684081497,566.949577932031,566.4346722811678,564.7705881741244,567.8693413976309,568.2458152314067,566.6905940757315,4.857296382816226,2.606911575737747,12.406668220119597,0.22537798,0.29751593,0.47885552,0.2959132,0.66113734,1.0,0.5189563,0.9717244,1.0,0.5987225,0.5925914,0.19672912,0.5599454,0.0,0.565295,0.6310972,0.12594545,0.23294634,0.10520586,0.65361303,0.003877688,0.0002872049,0.0007690283,0.017918667,0.020091852,0.0009434543,0.9561121,./stim/processed_extracts/fake/35\1_3_va.mov,210,00:07
220,1265.845807490458,422.654252989477,164.8890744274811,185.6732322225766,0.998715877532959,1265.4513531752195,1265.817712501156,1267.3359625738074,1270.6943759183514,1279.1370284093139,1292.634733081746,1308.9694831253553,1325.8672783088664,1345.0527591598404,1365.4516554586419,1384.5688087315636,1402.5198778468775,1418.3366563754464,1428.8871515675,1434.6746235921917,1438.9153425190823,1442.3937806582899,1278.882971334477,1292.0452765772473,1306.5144911744512,1320.4804422824052,1333.1981102931295,1368.9825245557017,1383.470042842789,1398.564408297827,1413.1315557701432,1425.2408360883196,1349.2832654710805,1348.1962328019777,1347.109505581717,1346.084160298436,1327.3548672938932,1336.4391150787487,1346.4417877715891,1357.0472969562727,1367.0089399013207,1292.8198384004609,1305.2185447773904,1315.7143115050796,1325.3279286949396,1314.9333651370364,1304.334721911119,1374.691761835533,1385.5248503285345,1396.2861849042924,1408.3705512212198,1396.4556824511697,1385.662156223478,1309.7025072260708,1324.0835168297801,1337.548704480859,1346.0810991698177,1355.18921180555,1369.9706515615305,1385.296706603877,1370.627260330057,1356.1210432616483,1345.1191345213772,1334.836896455246,1321.6424692825601,1313.8904963864586,1336.832194538221,1345.9439659198722,1355.704663367639,1380.8806467609463,1355.678633814095,1345.614419819662,1336.0431736964254,483.3422463217037,503.41970419500836,523.4343989713498,543.4462915865698,561.0873301266391,575.6606795384988,587.6553899799289,598.3003883878076,602.868389109358,601.397267801063,593.4103383430755,583.1606040179128,569.7589563662881,552.0053532875264,531.9378689829521,511.4824978492299,490.6788419928228,476.81864258633266,472.7140741609373,474.13386678329016,478.1380089413906,483.15608189232785,484.51320438040875,481.29071909092033,479.4734047204931,480.7049080519563,486.33835417766807,497.5651263876346,509.35177304571266,520.52960703894,531.7614921969241,540.1215738974998,543.298919160205,545.6565858135858,544.4321742074249,542.2883881457901,496.27805792758613,495.82636549129484,496.5704587924586,499.7083347525452,501.3448566091112,500.4069228163531,502.88751934849824,500.2562767752185,500.8434158526286,502.8443580989997,505.87796312049,505.739720958442,554.7207138159829,554.7752696353491,554.9289768051019,557.3995798479402,556.5524905250883,558.2927122637187,560.2506127840513,571.2012592403025,576.7609461107172,577.0155310808368,575.0372982918942,567.0754421997693,556.417721183577,562.2680094267698,564.1458425091863,563.6836452887862,561.2776247555825,565.9412442452527,566.1743548336985,564.4374797519522,7.286659272959966,2.815738653238236,10.263268014377207,0.26763973,0.2863916,0.585478,0.28984362,0.80141777,1.0,0.5585877,0.4434842,0.0,0.8308625,0.6601825,0.3160763,0.5264611,0.0,0.5587316,0.70220774,0.17481901,0.3018139,0.055151008,0.6418042,0.012215345,0.0013612779,0.00079889776,0.22980687,0.028354026,0.005672386,0.7217912,./stim/processed_extracts/fake/35\1_3_va.mov,220,00:07
230,1265.7715589217557,422.18031265943875,166.53163764312967,186.27636065051024,0.9981014132499695,1266.7187146782753,1266.9272478073992,1268.1820072938156,1271.3087884591469,1279.5669748370344,1293.034815481393,1309.1223106752777,1325.8885194832376,1345.1432360673634,1365.965078817075,1385.2331855423865,1403.0021160723086,1418.806839463749,1429.5116777685137,1435.5732814333712,1439.952803571298,1443.437717719255,1279.8275263330484,1293.258264295151,1308.0380956214121,1322.285392372424,1335.0628713122283,1369.9981626951883,1384.4487897393706,1399.645880514971,1414.4735233055553,1426.9805547022158,1350.1396906405807,1348.7997571988753,1347.478050337411,1346.207645703445,1327.7920979277233,1336.7547656142665,1346.7858466557236,1357.5856217276719,1367.7053441714265,1293.0240101037793,1305.8714575276008,1316.3512948281118,1326.3851071919005,1315.6544345749373,1305.1168597850447,1376.089850876262,1387.4191627306568,1398.1002318693763,1410.420587377326,1398.1335273547727,1387.3855341571712,1306.8595167118767,1322.0108012134503,1336.883277660841,1346.5515058614485,1356.6465264925084,1373.1537060170217,1389.5032149636322,1373.702275452885,1357.2582894006546,1344.8893629875377,1333.3380479216921,1318.7301633288373,1310.8242842228951,1336.486796246506,1346.64101995454,1357.4363716166636,1385.1443176401883,1356.543322478951,1345.176584846854,1334.2628603395906,485.6921698182173,505.68894004746,525.526827258155,545.5338832475921,563.3794373615535,578.3062071674836,590.7896292803815,601.9663734663997,606.7842661767595,605.1149752324544,596.2295173649876,585.2058871118123,571.4299899481582,553.6654828280607,533.7386344505026,513.5141318946746,492.9910558374507,477.8406173796235,473.6597756251418,475.22500985038107,479.3037334584763,484.6976420632493,486.4848794999397,482.94226117140994,480.8786472235878,481.88296110661634,487.3230956764084,498.99149786736933,511.0868856798741,522.6403391712525,534.1312786900502,541.1847787139708,544.6972592321898,547.3787782325228,545.96611167566,543.5041243731562,497.91200600260856,497.7809225159853,498.55532567632525,501.2910847411035,502.4507042766019,501.44176046913344,504.4205339420293,502.28493965813124,502.81676142486964,504.4742810361024,506.8346231773064,506.7283081209959,552.2879504028466,552.0487265371842,552.5451077312316,554.957864614152,554.2862657616623,555.9404345067178,558.4545434334194,572.9273274972953,580.1533405043738,580.4921976792775,578.1515343823834,568.2104537426277,553.867773886393,559.4232968320451,561.5223646760818,561.0428510628711,559.5709081496545,569.2977465304375,569.4952544438088,567.5078776978426,7.971846894315452,3.1159111283784706,8.440521924749412,0.25853795,0.27522567,0.40366742,0.28139865,0.913794,1.0,0.59452677,0.04230434,0.0,0.9188605,0.7411246,0.071691446,0.45593482,0.0,0.36796075,0.5032367,0.8745459,0.15125662,0.03429783,0.71652067,0.0026326524,0.0050630844,0.00066342443,0.97268766,0.0081351,0.0030076227,0.0078104925,./stim/processed_extracts/fake/35\1_3_va.mov,230,00:07
240,1266.1799260496184,424.044540617028,163.91057371183206,182.98236961894133,0.9983251690864563,1263.536515311535,1263.8231734567655,1265.18062623645,1268.506302438391,1277.118477046353,1290.7008216028014,1306.6529367514315,1323.1643215814888,1342.2246702463,1362.7706089614671,1381.6457308530617,1399.1940780470363,1415.0154743329783,1425.7736128467632,1431.7104237705435,1435.886150493618,1439.2410552905978,1277.5913501026828,1290.9645758898353,1305.47199419093,1319.3963031661945,1331.9990660674673,1367.605194613388,1381.9295031121594,1396.9561878703512,1411.4599579140329,1423.772548563832,1347.3233701030267,1345.8773906394322,1344.4734692034465,1343.1553979719415,1324.8404586441225,1333.736029233512,1343.8030012904742,1354.7686683913998,1365.0187338907865,1290.1940802841584,1303.1030285057645,1313.4512206776255,1323.4409674687079,1312.858547355008,1302.409205201391,1373.4125267548022,1384.7628019865267,1395.3262053539636,1407.6157220026193,1395.3728637850902,1384.719755821036,1304.2997485525837,1319.1017857256224,1333.9026907936702,1343.6812705561383,1353.8990677913057,1370.6477431362407,1387.1726281547153,1371.2767616098363,1354.517550490131,1341.932201065047,1330.2580849102992,1315.7469987199133,1308.0685522430165,1333.4668041963487,1343.7078782954034,1354.6315462643558,1382.9129162556128,1353.8725254916353,1342.309453785385,1331.2520076526853,482.9208048293821,502.8143107839167,522.5548058777782,542.4603527177649,560.303060297284,575.2235758567946,587.786630011914,599.1029159180745,603.9785060201272,602.2835419860559,593.3308295424453,582.4006503338056,568.7793986662407,551.0343662259914,531.0441798140287,510.9102029803069,490.58909508115846,476.45939084954534,472.710840713718,474.427439077846,478.42083800175567,483.5738985299224,485.3546604167986,482.11231826691625,480.2037855710998,481.22532382251154,486.43491107270773,497.29868218049586,509.38753485551035,520.9474523732893,532.3939238094399,538.1660363609071,541.904888348778,544.7678444475303,543.4270002370183,540.9374555543864,495.78273470209024,496.1131392164767,496.7742100036289,499.0578948087887,500.2043507028054,499.20241161005055,502.6367077234998,501.0248585188447,501.6115179426956,503.0726597604163,505.2702326027159,505.0463113970657,548.3955276516738,548.1913953795056,548.9363466393337,551.4114291715042,550.935644053204,552.6850145664317,555.4321949339794,570.0504842686449,577.3686072483908,577.6068204615558,575.1360307668073,564.7612243117217,549.9254922912958,555.532068843636,557.7958730998811,557.4437557279242,556.4119172842834,566.5853399301844,566.6752801093432,564.5441219118546,8.706000439454323,3.2622686531499303,8.685519135711226,0.30355218,0.35421544,0.37206328,0.27501962,0.8924183,1.0,0.58248544,0.028771179,0.0,0.91045445,0.8214256,0.1745121,0.47798315,0.0,0.38347816,0.49654886,0.8845094,0.29935417,0.04700472,0.65142286,0.0017483726,0.0058462312,0.0004555801,0.9810167,0.003120968,0.0033011148,0.0045109964,./stim/processed_extracts/fake/35\1_3_va.mov,240,00:08
250,1264.94960639313,421.9183648756378,164.02224475190837,185.42909538424732,0.9987003803253174,1263.5303076186779,1263.6641023223235,1264.7972118111186,1268.0690753035892,1276.6611578707634,1290.247367354495,1306.3885893203487,1323.089327563451,1342.3562357221724,1363.2259282682369,1382.5649403047692,1400.6347171902432,1416.808174689072,1427.8813355772616,1433.9907151154223,1438.214544759954,1441.6944305593358,1278.5215148432296,1291.9572896292573,1306.5487523716579,1320.5137940245934,1333.1477090989338,1369.498985532152,1383.7978748371265,1398.715002008425,1413.1090527818617,1425.2793491396103,1348.8897966770683,1347.450491071643,1346.0424859631612,1344.6757749636765,1326.0906937528866,1334.9973363671513,1345.0796110573983,1356.001760310758,1366.1304419666008,1291.773674415355,1304.4945246305174,1314.965601891908,1324.9844798129218,1314.3936118361105,1303.855861863646,1374.548803460008,1385.5990460182325,1396.2380716664006,1408.5431193160755,1396.3836322401103,1385.6572835106388,1305.3001278020615,1320.1074777643764,1334.8489308965795,1344.449091724901,1354.4985672079697,1370.863236259525,1386.969145694399,1371.3348259924992,1354.8019300327953,1342.3563550884744,1330.8089784086683,1316.4792992292637,1309.2307672832744,1334.4219112144435,1344.491201503628,1355.2268740675704,1382.6626880431054,1354.2071410133344,1342.8053448016217,1331.9191778568245,482.5140998052417,502.68112272076985,522.7228574395282,542.8960011937594,561.0116545279315,576.1899419048715,588.8747866013572,600.3153834926497,605.3155715647592,603.6944180298457,594.9332763061399,584.186701619957,570.7709505310736,553.107470011433,532.9627354370547,512.5195254247676,491.87290860257644,477.34392085629963,473.6870745143466,475.4544584005527,479.5427608721958,484.66234177205337,486.1895407644468,482.82581163973924,480.7860139582066,481.70908683374586,486.789754319183,498.2737740185233,510.2699149417953,521.7291329761847,533.1479388859185,538.9338092200769,542.7066597130962,545.5641298255877,544.2338587054896,541.6630799243245,496.87684345027355,496.8544291113606,497.47311791704686,500.0005136789314,501.4550583822331,500.50183888400215,503.4004107931156,501.4013568092991,501.94802794617055,503.71352186592986,506.21353632445005,506.0402761372377,549.5227275472906,549.1360470437367,549.8314751186242,552.2924236391161,551.7858993684514,553.5616985789417,556.412099553776,571.0784911764657,578.3993988901757,578.6384498041205,576.1877535226699,565.815073882815,551.049130764338,556.4185320711564,558.6198986737762,558.252051520078,557.3879986493687,567.4553790777228,567.56294137866,565.4296135681249,8.411433197343568,3.1342063913103004,7.73447453177921,0.2848632,0.25719345,0.46441916,0.27612153,0.90947604,0.0,0.6117316,0.08645284,0.0,0.9002525,0.8575818,0.11005311,0.47533545,0.0,0.3307879,0.5029055,0.8470741,0.23810731,0.051697433,0.6965769,0.00084395835,0.0016547785,0.0002416916,0.9897753,0.0024170186,0.0025647928,0.0025024854,./stim/processed_extracts/fake/35\1_3_va.mov,250,00:08
260,1265.3988251431297,421.364110809949,162.6437261450385,185.17034323182395,0.9986923336982727,1264.5169955401893,1264.3270673174475,1265.2252671231508,1268.37638828219,1276.9651563456573,1290.6922210448752,1306.7233934504445,1323.2400597558371,1342.5052203142316,1363.5635223579338,1382.9326052189201,1400.931963921141,1417.003982102686,1427.9593781336898,1433.9985929913303,1438.2140121650582,1441.689426137395,1277.932200620726,1291.3041328862312,1305.6509732982336,1319.4057486248137,1331.9721489455292,1369.657436649679,1384.042619643215,1399.0660774862395,1413.6955669595575,1425.999787462398,1348.4818950440645,1347.0602660227669,1345.6774828707742,1344.321003127046,1324.916067634553,1334.1398888435508,1344.5446350749546,1355.7142860080203,1366.0418835218306,1290.574981482963,1303.355338706402,1314.023754752373,1324.2142924371672,1313.3661629235523,1302.6278560994285,1374.0477218351475,1385.3924374461794,1396.3768255017003,1408.8331316224164,1396.338588875487,1385.3262683486519,1303.0398832290384,1318.4951619799463,1333.7249942980854,1343.593222520734,1353.9572686647275,1370.7013746873517,1387.1992537900135,1371.1170241644743,1354.190092236672,1341.4452168011182,1329.598928570408,1314.752992244339,1307.0857606458712,1333.3122056146108,1343.67033812729,1354.726583756597,1382.7513421547167,1353.5486784608197,1341.8246957807735,1330.6692296162128,483.05628660411355,503.2661381760971,523.432005045741,543.6414195520282,561.6311230756866,576.5301893726785,589.094238809725,600.5280760895442,605.4895664067511,603.8254983681915,594.7352603292621,583.5895950318292,569.8310582913786,551.9502503481588,531.6980828701303,511.17677563412445,490.55884376821234,476.9624782676886,473.42611349734943,475.274232549478,479.23400802415176,484.1928560805587,486.08320495003437,482.80041775000365,480.6917744318795,481.52046423636233,486.5758177229401,498.04536194570056,510.0703835573423,521.5438017715013,532.9536401712726,539.1795350588667,542.9535973458844,545.7815448446966,544.363134216253,541.7468722029855,496.49910960110725,496.0423031042555,496.75506454391495,499.7946710394417,501.1601967186405,500.21016158358384,503.176804596669,500.681411115034,501.2837604887331,503.3322807847945,505.9547279398843,505.76771679955453,549.2996058334539,549.054306022544,549.7198113893495,552.191417901577,551.5581494409728,553.2141383863597,555.6582494929692,570.6457619935818,578.1724438596713,578.4833697470923,576.0824221890899,565.7783070231413,550.8937433606154,556.4438154820898,558.6431168211459,558.1777080767273,556.7122930193156,567.1873273613234,567.4175285390905,565.3395195529481,8.952644832317414,3.2002210621064213,7.493896856515478,0.3356092,0.4066875,0.44777155,0.27153116,0.8989083,1.0,0.6394933,0.09015611,0.0,0.89791566,0.82529485,0.38884944,0.5414015,0.0,0.47506744,0.44696212,0.45026204,0.14869827,0.043891847,0.70163465,0.0010014024,0.0028930344,0.0003798016,0.9864137,0.003980247,0.0023819567,0.0029497948,./stim/processed_extracts/fake/35\1_3_va.mov,260,00:08
270,1263.902224475191,421.72564010682396,167.12994990458014,188.66471914859693,0.9980442523956299,1264.480079821909,1264.3484120531268,1265.2715708133524,1268.0915901904925,1276.3934034263161,1289.6614419240327,1305.160805307095,1321.175801385121,1340.274283947786,1361.154027758561,1380.1330920507257,1398.2059566098928,1414.6821424186094,1426.2226879148752,1432.7919949973755,1437.5176092109436,1441.4388925568742,1278.7449494961227,1291.8758921218525,1305.8314746154012,1319.3206113280462,1331.8057884726024,1369.5628579551394,1383.877504921325,1398.6787987137773,1412.9908142812685,1425.2452649905445,1348.6308775066893,1347.212182515633,1345.7768692297445,1344.328554135434,1324.4021188414656,1333.8512151609418,1344.492530757162,1355.7291497042058,1365.9845470667524,1290.9435808171934,1303.6543565431634,1313.9260078530308,1323.9171588092343,1313.4122778617389,1303.0023026938272,1374.3164054779268,1385.6587189392021,1396.130498240555,1408.3984702908156,1395.9504835811426,1385.2821725331864,1304.2778630902515,1319.2421888997721,1333.7490224311268,1343.005459883104,1352.8421544831128,1368.4366732912763,1384.168564605648,1368.424838744327,1352.3050252849675,1340.1496703516582,1328.7970674467695,1314.8643713746874,1308.2658490195013,1333.0825296248513,1342.8681615958333,1353.320974585057,1379.512932103003,1351.9858298761412,1340.8880543197042,1330.3262946773496,477.99045709383665,498.55626829317424,519.0326861558343,539.4808131089397,558.1073644364996,573.893449069627,587.4022403063675,599.5791254787395,604.841976845271,603.0810583332229,593.7877543108171,582.3632737385101,568.5070299192693,550.4455950764831,529.9718693371029,509.131049985479,488.14764930766677,476.49995865429963,473.4538920085324,475.38260604400364,479.03537876827073,483.47811762217356,485.00195385901776,482.040213420647,480.22746984866836,481.0586814660473,485.93461601683623,497.01033505447174,509.03778376969717,520.6016205179977,532.2038082154774,537.8251235559696,541.7755007254154,544.7819209641846,543.2292068134616,540.5898599454076,495.8273256731585,497.6165688306419,498.15819164809625,498.6349741028462,500.4850295588785,499.5937613266783,501.80756379558886,501.7778762205732,502.7911806276158,503.0289376204337,505.5280106965391,505.01171677831394,549.2766872933022,550.0176486826338,551.0832976821697,553.7801709739924,553.2308563757387,555.0530797301939,557.3103610021499,571.7840658986576,579.2448368814663,579.4993133767588,577.0012253883697,566.238210976114,551.1224717868379,557.8704980709321,560.2228875377563,559.9012361568149,558.5161623444639,567.9405909879723,568.1627889926116,565.9411058219696,5.951914178486338,3.2814964137814235,10.031484800204952,0.20886381,0.21839869,0.38341466,0.2770015,0.8877242,1.0,0.6215682,0.060637787,1.0,0.87171495,0.5400179,0.14381495,0.47514424,0.0,0.52649796,0.4783127,0.69568795,0.24925525,0.07700171,0.7340021,0.004140124,0.012496024,0.00056444685,0.9615411,0.0049365712,0.0022783128,0.014043455,./stim/processed_extracts/fake/35\1_3_va.mov,270,00:09
280,1263.9321922709923,419.9516887356505,163.24591483778636,186.77318734056126,0.9987499713897705,1263.647340419053,1263.7958764605567,1265.0157456089648,1268.3303386468247,1277.0872688670238,1290.9876206363606,1307.148555696906,1323.917835603589,1343.4807419696474,1364.8446833239386,1384.2979452101192,1402.2289689978395,1418.0706759753928,1428.7275716980785,1434.477831859408,1438.6859355647387,1442.2959808996557,1277.4325370965166,1290.7619861233984,1305.3634647460453,1319.3829826648341,1332.0655326002018,1369.0460674224003,1383.5799492045742,1398.7836408651024,1413.5501305892358,1425.9758192103359,1348.2490578301622,1346.8759201934645,1345.4958425254176,1344.1430106589805,1325.2615231938794,1334.3970224388456,1344.7489241563105,1355.8975067390804,1366.119044075566,1290.532858216408,1303.1976272437382,1313.6180609358328,1323.823654234946,1313.044503080326,1302.4997499816225,1374.0215689348706,1385.3495302874924,1395.9971681820261,1408.348901050388,1395.904656695806,1385.1746869183007,1303.9235785691453,1319.2974446076112,1334.2493113192588,1344.0447614567554,1354.4003970313177,1371.2424704525733,1388.4822163535125,1371.9087001030132,1354.9158296194535,1342.2312157094113,1330.506750794802,1315.7770786383253,1307.9469131241635,1333.9718436558946,1344.2347539992863,1355.2649419182833,1383.9467355389663,1354.1561266305177,1342.4804556803012,1331.4468010853946,483.23570780611055,503.70167322733283,523.9994013342279,544.2527506458558,562.4495662790403,577.7209349343977,590.7250975448575,602.5485063327795,607.4508135588958,605.5594780087702,596.1539520965154,584.5222057335469,570.1803737890485,551.7965580426348,531.2572046286975,510.53628823869946,489.6449904053433,476.9075881721531,472.922600797091,474.68498134700224,478.86271323082786,484.2682762624533,486.044136103281,482.2855580666251,479.9893227856902,480.8214385560061,485.989337241696,497.80895205675364,510.5969918045313,522.900859163127,535.0969723487476,540.7585283557806,544.6882960588872,547.5869046864159,545.8109513321725,542.7862599021965,496.84315885873184,497.2824715265089,497.96414424959437,499.7358360638948,501.30479079301404,500.4144495623817,502.60637062813214,501.2506932820466,501.9231014974506,502.8870177476292,505.42318173506476,505.24304149882823,551.0223604742696,551.6273521965024,552.7562862276973,555.1651517382817,554.448251175606,555.3509361771072,556.6429843233562,571.5299326859372,579.0260615997818,579.4592023821244,577.2145865066417,567.1408538031586,552.7123215632711,558.7362019788627,560.8818539424436,560.2516135979789,557.9329083791636,568.7171827330567,569.0583063143761,567.090650458001,9.700345656318555,2.8187439252974587,8.566947975616998,0.28717,0.26743716,0.5014839,0.2612031,0.91416144,1.0,0.63813406,0.054092877,1.0,0.91307884,0.6761641,0.080682546,0.53090495,0.0,0.48692152,0.575913,0.8049134,0.15002054,0.05460976,0.72535557,0.00096341025,0.0012213914,0.0002477549,0.99375916,0.0012478892,0.0009750893,0.0015853108,./stim/processed_extracts/fake/35\1_3_va.mov,280,00:09
290,1253.9643964694656,414.3341447305485,167.2690541507634,196.07191071428565,0.9987195730209351,1260.9631467833747,1260.6035358715872,1261.401938079409,1264.8654593213073,1273.7437387129667,1287.5263110035548,1303.3713282523033,1319.4877970627738,1339.1632109779678,1361.1176764453335,1381.3090390563189,1399.6843435982223,1415.7083441367247,1426.485445153547,1432.2852329976758,1436.254966665128,1439.282389248926,1271.1775390625749,1283.5915325446992,1298.4872757163862,1312.9543495265646,1326.0281024112212,1361.130171968246,1376.081745304596,1392.0681190328019,1407.8025768484636,1421.0081147261715,1341.6289941660316,1340.2715820917078,1338.8425767014828,1337.4156889587994,1318.5403180776684,1327.8057342931204,1338.6282315026112,1350.420204585747,1361.2493071726697,1285.7050219243195,1298.8934853922115,1308.986502108082,1319.577088863429,1308.7192297448203,1298.4265300850784,1367.8921851974155,1380.179393298069,1390.596886909143,1403.4944402989934,1390.0864777549343,1379.3182540288005,1300.9789404841752,1315.1290894071055,1329.2632928647706,1338.798989624926,1348.94088052413,1365.9168407655498,1382.931227194153,1366.6353683934076,1349.4934042185253,1336.660446090779,1324.8507114141885,1311.188925672382,1304.6930979343913,1329.0661062206505,1339.1502386337545,1349.9942909708734,1378.7055667055674,1348.5082493385776,1336.8573171913913,1325.8736123097578,477.1366791009211,498.152549885948,518.7365818502311,539.5155706178452,558.4383782063293,574.5034414733252,588.0881925267386,600.1089697134847,605.3090566027496,603.2407600655373,593.863928943488,581.6324247900942,567.001499754385,548.3958484517212,527.30671547624,505.7180140190657,483.8209704580582,477.02488554211425,472.3302713041791,473.7953327992393,477.45574968402263,482.15644339354316,482.64843181896896,478.9705758963161,476.57170896815916,477.3205077365405,483.1682231334788,495.41058198354415,508.1345443715866,520.1741139272473,532.350881800139,537.6003196940379,541.7651013218343,544.7630591540733,542.7219133826953,539.3832386827137,497.5299334603333,500.2881623715105,500.19504898837084,498.1734108178586,500.8865099953294,500.6353093147363,500.0780664918787,501.7662733436414,503.03850269499037,501.4566690657767,503.7948254230155,503.25313538905783,548.8266284486941,549.7285920358058,551.0164442968343,553.3369793021768,552.4676499258591,553.2382352204407,554.033292667079,570.0678533949788,578.2898093023027,578.7493247947275,576.2270102342056,565.020223104571,550.5462423976089,556.4059133874574,558.6080284203274,557.7624419399589,555.4490312058167,567.5314866302388,568.019835787207,565.8230218852694,8.481860979306541,1.4760705462787858,11.544923692270304,0.2071105,0.28094563,0.3807477,0.25909066,0.91740006,1.0,0.53611684,0.48334727,1.0,0.9040706,0.7185374,0.18118796,0.40280217,1.0,0.44913694,0.46513602,0.9641748,0.2190554,0.2576601,0.73730624,0.001622936,0.0006136935,0.0007285626,0.9691027,0.0017445552,0.017581264,0.008606292,./stim/processed_extracts/fake/35\1_3_va.mov,290,00:09
300,1252.8150345896945,418.7693991151148,164.543475667939,188.04157102997448,0.9990159273147583,1256.7284990512483,1256.6534963460904,1257.783637752999,1261.5242337535403,1270.254093358824,1283.3988940971171,1298.5299787055394,1313.8162199904975,1332.5909579386341,1353.7104635015294,1373.7049890110718,1391.7794506484845,1407.5480683380852,1417.9775801627682,1423.5645923957425,1427.5280411843116,1430.5009673827149,1264.423693884294,1276.0599806070206,1289.4064271907507,1302.2634429595712,1313.9522645278726,1351.7117318588503,1366.246063122854,1381.8761884148912,1397.3131344987903,1411.0314675341685,1331.0621280284852,1329.586458378739,1327.9743541479613,1326.4299762906837,1309.7791605491302,1318.4962462246692,1328.6353839969888,1340.1517390202816,1350.9621217504903,1275.9443091257988,1288.8455376880434,1298.9139027114093,1309.4901180251106,1298.5610813246872,1288.3147891451242,1358.7432102490634,1370.7370392317318,1381.2295767313672,1394.5391171153387,1380.9809037257787,1370.2078172389852,1293.7921923857764,1306.568213571891,1320.203494208031,1329.8397984584224,1340.143790199561,1358.2008074706885,1376.1195878900967,1360.1100308191283,1342.3808788656074,1329.3748126209402,1317.4649976968692,1303.8842693734914,1297.6576595179167,1319.977880852401,1330.1784639503753,1341.2309494680303,1372.1312704559905,1341.446536011736,1329.571603095345,1318.4073566203674,483.9655809254002,503.8218426836608,523.2636628823884,542.838595566178,560.3849649924691,575.3029781662799,588.2218293044115,599.9211618767622,604.9221536907577,603.0035020456596,593.8851555962158,581.7021688900037,566.8155206060751,548.1246823933955,527.1656730701934,505.9484279469319,484.54718981612797,479.8749913546456,476.49147695903827,478.31415769000495,481.8252567105792,485.9847293360216,486.06760016321243,482.513340794597,480.0965092518842,480.65133290324627,485.2755290954363,498.01584783721427,510.3059418764354,522.0361820461058,533.7364695529254,539.6911988053594,543.5189662006472,546.166690138132,544.3068812860162,541.1559606825092,498.8931636185726,500.4345825239745,500.3985640097787,499.737991453314,501.840104839595,501.5693674678608,501.42608022328096,501.75766440540417,502.7086715382482,502.0160347032762,504.194899266278,503.8818488827215,550.3424168242187,550.0681892342493,550.6928508747682,552.9374310689726,551.941488216962,552.7635791964951,553.9655323479594,570.9842399561289,579.8453593391073,580.3905058728578,577.881798874405,566.6875190378894,552.0530138031127,556.952970860335,559.0517285261933,558.1394298637957,555.253106806881,568.5837229980762,569.0450101457136,566.8446662820506,5.601367011430768,1.0969441969187752,12.089240187017298,0.30211514,0.32715285,0.6369927,0.29800504,0.9056915,1.0,0.62846303,0.02941891,1.0,0.86484545,0.7092822,0.2726923,0.45410702,1.0,0.5516561,0.58897066,0.70451117,0.2509035,0.089366615,0.598165,0.01054843,0.029545296,0.0032104615,0.9341297,0.0049190493,0.0071226726,0.010524314,./stim/processed_extracts/fake/35\1_3_va.mov,300,00:10
310,1256.0035484255725,424.0965636160714,165.38973043893157,184.05685367506373,0.9987584352493286,1259.9430192181994,1260.046425211523,1261.2213317498163,1264.5937941934576,1273.5162052910857,1287.2762916328816,1302.6822608157363,1318.5802765190356,1337.5377786662596,1358.6149473449495,1378.083459866768,1396.0823098951043,1412.1142771540954,1422.9674995456296,1428.9730315926533,1433.4757522501527,1437.3847153582863,1270.2726424218586,1283.0329104025413,1297.112982985175,1310.6324929911875,1323.0661528506866,1358.1455837267608,1372.9594146272127,1388.5352883582498,1403.9780267494627,1417.5157173056873,1338.317567609579,1336.6317658884468,1334.922557202595,1333.260557389344,1315.6179065985843,1324.7202011416148,1335.0900196855605,1346.6741436393766,1357.5591457906592,1282.4530416876967,1295.1427366165688,1305.5054922603053,1315.5994430057729,1304.9414936781766,1294.5101232424731,1365.8474098182471,1377.2740370215454,1388.037409843783,1400.872917787971,1388.1091183571837,1377.267770590046,1297.8938316926453,1311.9326392972628,1325.9600132973476,1335.812067938633,1346.306030283087,1364.024654973394,1382.3200809866562,1365.448583048746,1347.7647660157604,1334.809774600373,1322.9829844032095,1308.9353629836992,1301.639801757927,1325.654333872544,1336.04283322804,1347.3230352541218,1377.983012655964,1346.843192477375,1334.8642372623774,1323.6514059573033,484.5814382026346,504.65402287272644,524.6717499376521,544.4976201969885,562.2389541190958,577.0480193720626,590.1094216399961,602.1431554715274,607.3088277203303,605.7345842776186,596.553419585188,584.7359171347114,570.1253898091533,551.4288331912798,530.3801004202354,509.0142546198546,487.4924589296733,479.53768490786206,476.2383297346526,478.7032621605013,483.0398828889433,488.0615917729045,488.2628745552874,484.54932274119875,481.7720626806568,481.86971237739795,486.54768906292134,500.23669550918214,512.8876070195709,525.0135864089135,537.0314040310267,542.4236156774059,546.3908855609848,549.2017750317493,547.3552051142432,544.3862857196928,498.6661184554887,499.3357906629278,500.0060421203376,501.8953383055585,503.26667311653813,502.2852788539204,504.0513988493794,502.34699530532896,502.76826801118926,503.5275725691862,506.2474408059408,506.2773906623731,552.4550798322995,553.1452298426751,554.3018472213867,556.6961374803715,555.9524068477192,556.7924509527487,557.9766221993779,573.4358297204358,581.2401435623946,581.6240678099259,579.1748672866865,568.8088467794796,554.2287695716919,560.0487573213281,562.3046200021217,561.6268317127087,559.2158880170704,571.1162758724248,571.4495552418485,569.2441794618979,4.294027249100302,1.7167692738704396,12.10687567212902,0.29306117,0.2698034,0.5131084,0.2575479,0.9150809,1.0,0.66356915,0.18085495,1.0,0.93169713,0.7078065,0.13741213,0.48763865,1.0,0.39467186,0.47634375,0.93011177,0.21057546,0.05747332,0.6032919,0.002300856,0.0108122295,0.0016107103,0.98178893,0.0011005423,0.0011072725,0.0012794558,./stim/processed_extracts/fake/35\1_3_va.mov,310,00:10
320,1258.6019501431297,424.4942787388393,167.93758945610716,185.8565110809949,0.9981028437614441,1261.302725395212,1261.6439527587136,1263.1719733790267,1266.74905310078,1275.6796819129866,1289.5837057795502,1305.2711515119597,1321.587313023548,1340.9462754561503,1362.1626247529139,1381.5653161326693,1399.2863938672117,1415.0428793585631,1425.712769050921,1431.8603185730622,1436.4519577253457,1440.2441660538113,1271.9278027206894,1285.5192732894182,1300.4009870820496,1314.6362316348172,1327.5980924369235,1361.4569130588816,1376.510438609373,1392.2879677010721,1407.8066325921593,1421.5977415241985,1342.2801313091372,1340.8779269588745,1339.4538016376875,1338.1028636454419,1319.6103511845747,1328.777318372511,1339.273488690679,1350.8450627595228,1361.6960231280239,1283.9709933848792,1297.3380731052391,1307.8759451127883,1318.4695766791865,1307.2443247052609,1296.559639354541,1369.8788596922498,1381.808945989631,1392.4541895448792,1405.2659933913799,1392.3173596153922,1381.5024379080046,1301.4773546110107,1315.8475680041631,1330.2452258148255,1340.177778591908,1350.7983228360724,1368.2715965566667,1386.1020132759593,1369.6230131146817,1352.1668747073204,1339.1365191795092,1327.1555985626528,1312.845624635688,1305.3978650928273,1329.867836825395,1340.3601852641568,1351.676198565545,1381.7964235186726,1351.2706539566984,1339.2519199973347,1327.9239359049716,484.9405195542758,505.55610928887353,526.0581061207736,546.4405146843685,564.7490850744778,580.0523953694618,593.375480272797,605.2697937789367,610.0715897713309,608.2263066330798,598.6852206551356,586.5317504915248,571.5275836827203,552.7601086005077,531.8292104915292,510.3712851825627,488.6577791658999,479.49462721062304,476.3600347163937,479.06799912094795,483.7369665254248,489.14715919205065,489.3398085011079,485.6465635856479,482.95003158557813,483.08387047900817,487.5542995567689,500.79164142647045,514.1029416477411,526.9887437262914,539.7365659881597,544.6128454251196,548.727500734022,551.6232756159678,549.6101488276922,546.3901855176497,499.00601284068927,500.84222981631433,501.5812749455152,502.1243274520219,503.58328172640563,502.6510954288849,504.5227129779311,504.3385980917565,505.1311295924031,504.8170442194322,507.2531500333935,506.9971572273962,555.4569330574365,555.8138101862626,556.7915466395579,559.2005669603363,558.2550672289887,559.0522381588969,559.9692233465015,575.7354662621456,583.8852684948085,584.4686534608571,582.1569548066261,571.7413962335675,557.2450541732651,562.5801319543798,564.7173535052865,563.8798368223429,561.3102045120509,573.3568082807188,573.817813344809,571.7591563409991,3.353418955170663,1.9832918494301726,11.51626912918178,0.31521866,0.35753107,0.34152746,0.25222674,0.81108516,1.0,0.6613507,0.0768111,1.0,0.91358125,0.8042117,0.1814196,0.43808246,1.0,0.5016348,0.5566267,0.7208555,0.09350127,0.056921005,0.6853228,0.0025886486,0.0054188212,0.0026690986,0.9834548,0.00116985,0.0035478629,0.001150939,./stim/processed_extracts/fake/35\1_3_va.mov,320,00:10
