Submission id,Participant id,Status,Custom study tncs accepted at,Started at,Completed at,Reviewed at,Archived at,Time taken,Completion code,Total approvals,Primary language,Age,Sex,Ethnicity simplified,Country of birth,Country of residence,Nationality,Language,Student status,Employment status
66a7adb9524ff02845659c5e,66a0fc886738945662b93863,APPROVED,Not Applicable,2024-07-29T14:56:57.385000Z,2024-07-29T15:09:46.809000Z,2024-07-29T15:12:29.630000Z,2024-07-29T15:10:51.335762Z,770.0,CDDT2OUD,4,"Arabic, English, French",27,Male,White,Algeria,Netherlands,Algeria,Arabic,No,Full-Time
66a7adc4c0554922e66d12d6,5efbce484cee781856fc95ef,RETURNED,Not Applicable,2024-07-29T14:57:17.357000Z,,,2024-07-29T21:40:42.620709Z,,,320,CONSENT_REVOKED,CONSENT_REVOKED,CONSENT_REVOKED,CONSENT_REVOKED,CONSENT_REVOKED,CONSENT_REVOKED,CONSENT_REVOKED,CONSENT_REVOKED,CONSENT_REVOKED,CONSENT_REVOKED
66a7adf459ee912d0b41dbd6,66a0fffefd1a9637cb7e624d,RETURNED,Not Applicable,2024-07-29T14:58:27.416000Z,,,2024-07-29T21:40:42.622912Z,,,1,CONSENT_REVOKED,CONSENT_REVOKED,CONSENT_REVOKED,CONSENT_REVOKED,CONSENT_REVOKED,CONSENT_REVOKED,CONSENT_REVOKED,CONSENT_REVOKED,CONSENT_REVOKED,CONSENT_REVOKED
66a7adf6e8fe33a134821b5d,660c0269f4ac950966a37c9d,RETURNED,Not Applicable,2024-07-29T14:58:04.737000Z,,,2024-07-29T21:40:42.624481Z,,,30,CONSENT_REVOKED,CONSENT_REVOKED,CONSENT_REVOKED,CONSENT_REVOKED,CONSENT_REVOKED,CONSENT_REVOKED,CONSENT_REVOKED,CONSENT_REVOKED,CONSENT_REVOKED,CONSENT_REVOKED
66a7adfb47414f09af55e1e6,66a7990001344d21d3016094,RETURNED,Not Applicable,2024-07-29T15:08:03.112000Z,,,2024-07-29T21:40:42.627740Z,,,2,CONSENT_REVOKED,CONSENT_REVOKED,CONSENT_REVOKED,CONSENT_REVOKED,CONSENT_REVOKED,CONSENT_REVOKED,CONSENT_REVOKED,CONSENT_REVOKED,CONSENT_REVOKED,CONSENT_REVOKED
66a7ae0909156e5082b2033a,6640d335c3bd92869fd60df4,APPROVED,Not Applicable,2024-07-29T15:01:54.285000Z,2024-07-29T15:18:26.945000Z,2024-07-29T15:18:28.586000Z,2024-07-29T15:18:27.626824Z,993.0,CDDT2OUD,50,"English, French",21,Male,Mixed,Canada,Canada,Canada,English,Yes,Full-Time
66a7ae93c4ecfcdb68bcfed6,66226054339d9c04087b9355,TIMED-OUT,Not Applicable,2024-07-29T15:00:42.798000Z,,,2024-07-29T21:40:42.636458Z,24000.0,,4,French,24,Female,White,France,France,France,French,Yes,Full-Time
66a7aead918f0dadc6deab92,6545004ad23fe26477539571,APPROVED,Not Applicable,2024-07-29T15:01:04.777000Z,2024-07-29T15:20:09.072000Z,2024-07-29T15:20:09.792000Z,2024-07-29T15:20:09.717111Z,1145.0,CDDT2OUD,221,French,32,Male,Black,France,France,France,French,No,Full-Time
66a7aebb2ac31f1043cf2fb2,665f10dc49cd980fdf304c19,APPROVED,Not Applicable,2024-07-29T15:03:38.836000Z,2024-07-29T15:25:55.837000Z,2024-07-29T15:28:27.930000Z,2024-07-29T15:28:02.373897Z,1338.0,CDDT2OUD,36,"Afrikaans, English, Other, Swahili, French",37,Female,Black,South Africa,South Africa,South Africa,English,No,Full-Time
66a7aed2092064818bd3f231,66a3954d48053697d9591403,APPROVED,Not Applicable,2024-07-29T15:01:38.977000Z,2024-07-29T15:14:08.087000Z,2024-07-29T15:14:09.614000Z,2024-07-29T15:14:08.602466Z,750.0,CDDT2OUD,2,French,27,Female,White,France,France,France,French,No,Unemployed (and job seeking)
66a7aeec2a2a6c7ae4ad31e1,66957c265c74a6eee199a2f8,APPROVED,Not Applicable,2024-07-29T15:02:09.967000Z,2024-07-29T15:22:33.294000Z,2024-07-29T15:22:34.066000Z,2024-07-29T15:22:33.949401Z,1224.0,CDDT2OUD,5,"Spanish, English, French",26,Male,Mixed,Spain,Spain,Spain,English,No,DATA_EXPIRED
66a7af14137a1aea9b8f612e,63174a95078b149cd17f7873,APPROVED,Not Applicable,2024-07-29T15:05:47.086000Z,2024-07-29T15:24:13.153000Z,2024-08-08T11:25:51.255000Z,2024-07-29T15:24:14.708858Z,1107.0,NOCODE,841,"French, English, German",26,Male,White,Germany,France,Germany,German,Yes,Part-Time
66a7af170194657befb2a27a,5f85c88c61e23608718cbd03,APPROVED,Not Applicable,2024-07-29T15:04:46.790000Z,2024-07-29T15:17:59.773000Z,2024-07-29T15:18:01.390000Z,2024-07-29T15:18:00.446104Z,793.0,CDDT2OUD,1806,"English, French",35,Male,Mixed,France,United Kingdom,United Kingdom,French,No,Full-Time
66a7af333a0c26a9b09b35b3,649d82df00eac1ff543c3f49,APPROVED,Not Applicable,2024-07-29T15:03:31.298000Z,2024-07-29T15:13:30.965000Z,2024-07-29T15:13:31.964000Z,2024-07-29T15:13:31.864775Z,600.0,CDDT2OUD,77,French,27,Male,White,France,France,France,French,DATA_EXPIRED,DATA_EXPIRED
66a7af3c9c7194e8ed819ce9,6697ddac774c90bf00708c02,RETURNED,Not Applicable,2024-07-29T15:03:33.417000Z,,,2024-07-29T21:40:42.640608Z,,,8,CONSENT_REVOKED,CONSENT_REVOKED,CONSENT_REVOKED,CONSENT_REVOKED,CONSENT_REVOKED,CONSENT_REVOKED,CONSENT_REVOKED,CONSENT_REVOKED,CONSENT_REVOKED,CONSENT_REVOKED
66a7af5e654b40590dc33337,6039b30f86b21c537bfb9448,APPROVED,Not Applicable,2024-07-29T15:04:27.433000Z,2024-07-29T15:16:41.764000Z,2024-07-29T15:16:42.845000Z,2024-07-29T15:16:42.755389Z,735.0,CDDT2OUD,689,"German, French, English",30,Male,White,Germany,Germany,Switzerland,German,Yes,Full-Time
66a7afa3059eeed864d427c8,661fd56df848f16a60d9d5e3,APPROVED,Not Applicable,2024-07-29T15:05:21.733000Z,2024-07-29T15:21:52.223000Z,2024-07-29T15:21:53.001000Z,2024-07-29T15:21:52.900498Z,991.0,CDDT2OUD,36,French,52,Female,White,France,France,France,French,No,Full-Time
66a7afc13f42742afebee4c5,5dd0177d7160cb1088cb4729,APPROVED,Not Applicable,2024-07-29T15:05:46.163000Z,2024-07-29T15:17:37.918000Z,2024-07-29T15:17:38.641000Z,2024-07-29T15:17:38.528739Z,712.0,CDDT2OUD,1090,French,47,Male,White,France,France,France,French,No,Full-Time
66a7afc663b26e711155fcf6,665c819b0e3d717add13995e,APPROVED,Not Applicable,2024-07-29T15:05:46.548000Z,2024-07-29T15:16:21.470000Z,2024-07-29T15:16:22.358000Z,2024-07-29T15:16:22.228004Z,635.0,CDDT2OUD,36,French,32,Male,White,France,Canada,France,French,No,Full-Time
66a7afd273713303dbef29de,66a1226abbe3483df33f93a2,APPROVED,Not Applicable,2024-07-29T15:05:54.810000Z,2024-07-29T15:16:34.182000Z,2024-07-29T15:16:35.486000Z,2024-07-29T15:16:35.386332Z,640.0,CDDT2OUD,4,French,31,Male,White,France,France,France,French,No,Full-Time
66a7afe9a208783a2bad01e6,65e49139dbd8c70e50984516,RETURNED,Not Applicable,2024-07-29T15:17:00.067000Z,,,2024-07-29T21:40:42.647852Z,,,5,CONSENT_REVOKED,CONSENT_REVOKED,CONSENT_REVOKED,CONSENT_REVOKED,CONSENT_REVOKED,CONSENT_REVOKED,CONSENT_REVOKED,CONSENT_REVOKED,CONSENT_REVOKED,CONSENT_REVOKED
66a7b004e7b0862b963aed08,665490d75b3bbb3e8317b417,APPROVED,Not Applicable,2024-07-29T15:11:52.448000Z,2024-07-29T15:35:09.298000Z,2024-07-29T15:35:09.907000Z,2024-07-29T15:35:09.784506Z,1397.0,CDDT2OUD,34,French,27,Female,White,Canada,Canada,Canada,French,No,Unemployed (and job seeking)
66a7b018e7d5b7584d974058,654505552ee0cd0f4aa3974e,APPROVED,Not Applicable,2024-07-29T15:08:19.525000Z,2024-07-29T15:21:03.027000Z,2024-07-29T15:21:04.136000Z,2024-07-29T15:21:04.011207Z,764.0,CDDT2OUD,182,French,34,Female,Black,France,France,France,French,Yes,Other
66a7b01d3b9c406d876e5252,669d22cc6cbe3941fdf1fe5f,APPROVED,Not Applicable,2024-07-29T15:09:32.769000Z,2024-07-29T15:23:46.907000Z,2024-07-29T15:23:47.823000Z,2024-07-29T15:23:47.747219Z,855.0,CDDT2OUD,1,French,21,Male,White,Switzerland,Switzerland,Switzerland,French,Yes,DATA_EXPIRED
66a7b02a90a6fc890ae05f15,6169eac611e586f87632d495,APPROVED,Not Applicable,2024-07-29T15:07:22.808000Z,2024-07-29T15:24:58.680000Z,2024-07-29T15:27:35.183000Z,2024-07-29T15:27:33.313058Z,1056.0,CDDT2OUD,391,"English, French, Afrikaans",22,Male,Black,South Africa,South Africa,South Africa,English,DATA_EXPIRED,DATA_EXPIRED
66a7b02fc6ce6ca98e2b95d1,65f37fc729c84befb001836b,APPROVED,Not Applicable,2024-07-29T15:07:59.929000Z,2024-07-29T15:19:59.789000Z,2024-07-29T15:20:00.619000Z,2024-07-29T15:20:00.536201Z,720.0,CDDT2OUD,34,French,47,Male,White,Belgium,Belgium,Belgium,French,No,Full-Time
66a7b032c14fd357748c83ff,66014dc12156ce41e139a501,APPROVED,Not Applicable,2024-07-29T15:07:49.371000Z,2024-07-29T15:18:50.902000Z,2024-07-29T15:18:51.731000Z,2024-07-29T15:18:51.636472Z,662.0,CDDT2OUD,34,French,46,Male,White,France,France,France,French,No,"Not in paid work (e.g. homemaker', 'retired or disabled)"
66a7b05f5222652416950397,6672e4341b7762c9fbb5ef10,APPROVED,Not Applicable,2024-07-29T15:09:23.294000Z,2024-07-29T15:19:39.442000Z,2024-07-29T15:19:40.448000Z,2024-07-29T15:19:40.231932Z,617.0,CDDT2OUD,22,French,45,Male,White,France,France,France,French,No,Full-Time
66a7b07cc36ee04b43fe6ebb,667eb4c61f5d4397face4667,APPROVED,Not Applicable,2024-07-29T15:08:49.390000Z,2024-07-29T15:24:32.279000Z,2024-07-29T15:24:32.891000Z,2024-07-29T15:24:32.755691Z,943.0,CDDT2OUD,31,"English, French",24,Female,White,France,France,France,French,Yes,Full-Time
66a7b083d0c442d3069fb31a,668e91cbd1f4aa503154e04b,APPROVED,Not Applicable,2024-07-29T15:08:59.281000Z,2024-07-29T15:26:24.693000Z,2024-07-29T15:28:47.340000Z,2024-07-29T15:28:13.871448Z,1046.0,CDDT2OUD,16,"English, French, Spanish, Portuguese, Afrikaans",30,Female,Black,South Africa,South Africa,South Africa,English,No,Full-Time
66a7b0af94322ff5739cd388,5f086edf1a4e890792a6c0b0,APPROVED,Not Applicable,2024-07-29T15:09:57.580000Z,2024-07-29T15:21:58.977000Z,2024-07-29T15:22:01.221000Z,2024-07-29T15:21:59.564404Z,722.0,CDDT2OUD,1000,"French, English",52,Female,White,France,France,France,French,No,DATA_EXPIRED
66a7b0b53b141bfd2ce0d2d2,66741b5b935b32b9cc3b347b,APPROVED,Not Applicable,2024-07-29T15:09:48.009000Z,2024-07-29T15:38:35.968000Z,2024-07-29T15:40:45.205000Z,2024-07-29T15:40:36.941988Z,1728.0,CDDT2OUD,7,French,45,Female,White,France,France,France,French,No,Unemployed (and job seeking)
66a7b0dd2db2d35a2887e8f2,669006e03047f10df987445e,APPROVED,Not Applicable,2024-07-29T15:10:24.518000Z,2024-07-29T15:22:54.319000Z,2024-07-29T15:22:55.969000Z,2024-07-29T15:22:54.880813Z,750.0,CDDT2OUD,12,"English, French, Portuguese, Spanish",31,Male,White,Portugal,Portugal,Portugal,Portuguese,No,Unemployed (and job seeking)
66a7b0fc0876f5a79848beda,616feb99305d8e8851e9dec6,APPROVED,Not Applicable,2024-07-29T15:10:52.977000Z,2024-07-29T15:24:26.622000Z,2024-07-29T15:24:29.997000Z,2024-07-29T15:24:27.209594Z,814.0,CDDT2OUD,676,"French, Portuguese, Spanish, English",53,Male,White,France,Portugal,Portugal,Portuguese,Yes,Full-Time
66a7b10a2d535f0c0649b0a9,5dae84b33990ed001856475a,APPROVED,Not Applicable,2024-07-29T15:11:28.603000Z,2024-07-29T15:23:09.638000Z,2024-07-29T15:23:10.449000Z,2024-07-29T15:23:10.320819Z,702.0,CDDT2OUD,1040,"Armenian, English, French",36,Male,White,Canada,Canada,Canada,Armenian,No,Full-Time
66a7b10bbedf8a11bc09a945,65b80de88b3905b0efcaef19,APPROVED,Not Applicable,2024-07-29T15:11:17.077000Z,2024-07-29T15:37:55.011000Z,2024-07-29T15:40:22.290000Z,2024-07-29T15:40:15.218028Z,1598.0,CDDT2OUD,56,French,36,Male,Asian,France,France,France,French,No,DATA_EXPIRED
66a7b1143f42742afebee50f,65cf6d92ac6f7932b1470fb4,APPROVED,Not Applicable,2024-07-29T15:11:38.944000Z,2024-07-29T15:22:50.371000Z,2024-07-29T15:22:51.212000Z,2024-07-29T15:22:51.087801Z,672.0,CDDT2OUD,162,"French, English",22,Female,White,France,France,France,French,No,Other
66a7b11558f14266ee6cece8,60fd3ad24b4ca4993021e35c,RETURNED,Not Applicable,2024-07-29T15:11:55.395000Z,,,2024-07-29T21:40:42.653518Z,,,291,CONSENT_REVOKED,CONSENT_REVOKED,CONSENT_REVOKED,CONSENT_REVOKED,CONSENT_REVOKED,CONSENT_REVOKED,CONSENT_REVOKED,CONSENT_REVOKED,CONSENT_REVOKED,CONSENT_REVOKED
66a7b11af249dc60eabfa03d,6548fb51db60a00d76e9270b,APPROVED,Not Applicable,2024-07-29T15:11:22.703000Z,2024-07-29T15:22:37.402000Z,2024-07-29T15:22:40.448000Z,2024-07-29T15:22:38.654989Z,675.0,CDDT2OUD,199,"French, English",21,Female,White,France,France,France,French,Yes,DATA_EXPIRED
66a7b17f285ff99666639ee3,66927fa4b5c5767152a2d9db,RETURNED,Not Applicable,2024-07-29T15:13:13.436000Z,,,2024-07-29T21:40:42.657287Z,,,11,CONSENT_REVOKED,CONSENT_REVOKED,CONSENT_REVOKED,CONSENT_REVOKED,CONSENT_REVOKED,CONSENT_REVOKED,CONSENT_REVOKED,CONSENT_REVOKED,CONSENT_REVOKED,CONSENT_REVOKED
66a7b180796ea115d89dcada,6692fea4ffe2b1330ef182eb,APPROVED,Not Applicable,2024-07-29T15:13:10.831000Z,2024-07-29T15:25:19.676000Z,2024-07-29T15:28:08.637000Z,2024-07-29T15:27:52.633756Z,729.0,CDDT2OUD,1,"English, French, Bengali",20,Female,Asian,Canada,Canada,Canada,Bengali,Yes,Part-Time
66a7b18747305458663a701b,65a96f1ddb914cd1486cbac6,APPROVED,Not Applicable,2024-07-29T15:13:20.562000Z,2024-07-29T15:26:32.232000Z,2024-07-29T15:28:52.523000Z,2024-07-29T15:28:16.383224Z,792.0,CDDT2OUD,140,French,42,Female,White,France,France,France,French,No,Full-Time
66a7b18ffcc19325e7b1ecb7,5c32736324d16c00015b29d5,APPROVED,Not Applicable,2024-07-29T15:13:38.436000Z,2024-07-29T15:27:27.431000Z,2024-07-29T15:29:31.910000Z,2024-07-29T15:28:39.837114Z,829.0,CDDT2OUD,641,"French, English, Somali",30,Female,Black,Djibouti,France,Djibouti,Somali,Yes,Part-Time
66a7b196c61dad29ee0faf18,665f1f23437445b598cbe455,APPROVED,Not Applicable,2024-07-29T15:13:32.579000Z,2024-07-29T15:26:11.977000Z,2024-07-29T15:28:39.779000Z,2024-07-29T15:28:09.439790Z,760.0,CDDT2OUD,56,French,37,Female,White,Canada,Canada,Canada,French,No,"Not in paid work (e.g. homemaker', 'retired or disabled)"
66a7b1afbc2dd92f6b03548e,659d6f2172e86cd737d0d085,APPROVED,Not Applicable,2024-07-29T15:13:57.136000Z,2024-07-29T15:27:24.901000Z,2024-07-29T15:29:28.709000Z,2024-07-29T15:28:38.320577Z,808.0,CDDT2OUD,30,French,24,Female,White,France,France,France,French,Yes,Other
66a7b1bf773a8f4208aed584,5e4f73d0ca55663b5b9d18b0,APPROVED,Not Applicable,2024-07-29T15:14:16.064000Z,2024-07-29T15:54:16.769000Z,2024-07-29T15:55:14.497000Z,2024-07-29T15:54:42.223893Z,2401.0,CDDT2OUD,302,"English, French, Russian",43,Female,Mixed,Russian Federation,France,Russian Federation,Russian,No,Other
66a7b1cbaca41d075caed56e,657dbd3c0eefa677ce29b3f9,APPROVED,Not Applicable,2024-07-29T15:14:43.038000Z,2024-07-29T15:24:36.238000Z,2024-07-29T15:24:36.857000Z,2024-07-29T15:24:36.732935Z,594.0,CDDT2OUD,85,French,28,Male,Asian,France,France,France,French,No,Full-Time
66a7b1df48779057432b53ba,6680c0e2967e31f7749b8812,APPROVED,Not Applicable,2024-07-29T15:14:44.732000Z,2024-07-29T15:28:21.466000Z,2024-07-29T15:30:06.850000Z,2024-07-29T15:29:06.286588Z,817.0,CDDT2OUD,4,"English, French, German, Khmer",18,Male,White,France,France,Germany,Khmer,Yes,DATA_EXPIRED
66a7b1e82cb5279f9e29dff6,66706e3819fcd0fd1729fc28,RETURNED,Not Applicable,2024-07-29T15:15:01.168000Z,,,2024-07-29T21:40:42.660689Z,,,22,CONSENT_REVOKED,CONSENT_REVOKED,CONSENT_REVOKED,CONSENT_REVOKED,CONSENT_REVOKED,CONSENT_REVOKED,CONSENT_REVOKED,CONSENT_REVOKED,CONSENT_REVOKED,CONSENT_REVOKED
66a7b1fb91a53149333becdb,669e83b9b0c4e9463d19ff7e,APPROVED,Not Applicable,2024-07-29T15:15:13.209000Z,2024-07-29T15:29:01.246000Z,2024-07-29T15:30:37.752000Z,2024-07-29T15:29:26.311627Z,829.0,CDDT2OUD,7,French,19,Male,White,France,France,France,French,Yes,Other
66a7b202b5ed822b70fd791d,667c2cddb2f0c07146aa3b66,RETURNED,Not Applicable,2024-07-29T15:26:00.057000Z,,,2024-07-29T21:40:42.663995Z,,,21,CONSENT_REVOKED,CONSENT_REVOKED,CONSENT_REVOKED,CONSENT_REVOKED,CONSENT_REVOKED,CONSENT_REVOKED,CONSENT_REVOKED,CONSENT_REVOKED,CONSENT_REVOKED,CONSENT_REVOKED
66a7b208f8f3cf7a9a9740d3,655c2f58e949a617a358afb9,APPROVED,Not Applicable,2024-07-29T15:15:34.536000Z,2024-07-29T15:32:13.245000Z,2024-07-29T15:32:15.774000Z,2024-07-29T15:32:15.682927Z,999.0,CDDT2OUD,126,"English, French",33,Female,White,Canada,Canada,Canada,English,No,Full-Time
66a7b20b427f8ec1f491f016,5dd73f496ca7e76e32b1aa16,APPROVED,Not Applicable,2024-07-29T15:15:23.689000Z,2024-07-29T15:29:13.695000Z,2024-07-29T15:30:44.644000Z,2024-07-29T15:29:34.152225Z,831.0,CDDT2OUD,1637,"English, French",60,Male,White,United States,France,United States,English,No,DATA_EXPIRED
66a7b20d7b59d100ba93fd14,6537f2a58f376892556b8b78,RETURNED,Not Applicable,2024-07-29T15:15:30.747000Z,,,2024-07-29T21:40:42.670619Z,,,156,CONSENT_REVOKED,CONSENT_REVOKED,CONSENT_REVOKED,CONSENT_REVOKED,CONSENT_REVOKED,CONSENT_REVOKED,CONSENT_REVOKED,CONSENT_REVOKED,CONSENT_REVOKED,CONSENT_REVOKED
66a7b224c285f3a8b3c25240,669688548fa06a3970e3a00e,APPROVED,Not Applicable,2024-07-29T15:16:30.146000Z,2024-07-29T15:35:55.895000Z,2024-07-29T15:35:59.220000Z,2024-07-29T15:35:56.630700Z,1166.0,CDDT2OUD,17,French,22,Male,White,France,Canada,Canada,French,Yes,Full-Time
66a7b2412c433c90614f5f84,664b29e00b0ff2389ab94de7,APPROVED,Not Applicable,2024-07-29T15:16:21.970000Z,2024-07-29T15:28:15.197000Z,2024-07-29T15:30:02.034000Z,2024-07-29T15:29:03.575802Z,714.0,CDDT2OUD,25,French,23,Male,White,France,France,France,French,Yes,Other
66a7b259a20292c6d5b13475,5de76e8d36d8256e47625c4f,APPROVED,Not Applicable,2024-07-29T15:17:04.509000Z,2024-07-29T15:27:50.849000Z,2024-07-29T15:29:50.181000Z,2024-07-29T15:28:53.758259Z,647.0,CDDT2OUD,655,French,23,Female,White,France,France,France,French,No,"Not in paid work (e.g. homemaker', 'retired or disabled)"
66a7b25cad8eb9ca6a3a706a,654aaf45083b00b57dc0f8a7,RETURNED,Not Applicable,2024-07-29T15:16:55.341000Z,,,2024-07-29T21:40:42.677166Z,,,48,CONSENT_REVOKED,CONSENT_REVOKED,CONSENT_REVOKED,CONSENT_REVOKED,CONSENT_REVOKED,CONSENT_REVOKED,CONSENT_REVOKED,CONSENT_REVOKED,CONSENT_REVOKED,CONSENT_REVOKED
66a7b265b8ba50fe76dc0130,65522f1d3bea9d006c0df7aa,APPROVED,Not Applicable,2024-07-29T15:24:15.626000Z,2024-07-29T15:42:07.818000Z,2024-07-29T15:43:43.503000Z,2024-07-29T15:43:01.645597Z,1073.0,CDDT2OUD,78,French,28,Female,Other,France,Japan,France,French,No,Full-Time
66a7b27a58d2f3325ac1e7d8,65b1adf836b2dca620afc5a3,APPROVED,Not Applicable,2024-07-29T15:17:30.891000Z,2024-07-29T15:31:19.187000Z,2024-07-29T16:59:52.525000Z,2024-07-29T15:31:20.092021Z,829.0,CDDT2OUD,164,French,25,Female,White,France,France,France,French,No,Other
66a7b2841d475c30782ed0a1,6605bc33cd5de51f7deaf3c4,APPROVED,Not Applicable,2024-07-29T15:18:02.561000Z,2024-07-29T15:28:29.003000Z,2024-07-29T15:30:16.542000Z,2024-07-29T15:29:10.214032Z,627.0,CDDT2OUD,78,"English, French",23,Male,Asian,France,France,France,French,Yes,Other
66a7b2c04f11deb58bbfa0ba,66572911cfc5aaecdc0315d5,RETURNED,Not Applicable,2024-07-29T15:18:37.410000Z,,,2024-07-29T21:40:42.695530Z,,,51,CONSENT_REVOKED,CONSENT_REVOKED,CONSENT_REVOKED,CONSENT_REVOKED,CONSENT_REVOKED,CONSENT_REVOKED,CONSENT_REVOKED,CONSENT_REVOKED,CONSENT_REVOKED,CONSENT_REVOKED
66a7b2cc3b9c406d876e52f0,6670512f1a53820a03b40b84,RETURNED,Not Applicable,2024-07-29T15:19:02.788000Z,,,2024-07-29T21:40:42.695905Z,,,33,CONSENT_REVOKED,CONSENT_REVOKED,CONSENT_REVOKED,CONSENT_REVOKED,CONSENT_REVOKED,CONSENT_REVOKED,CONSENT_REVOKED,CONSENT_REVOKED,CONSENT_REVOKED,CONSENT_REVOKED
66a7b2e2c61dad29ee0faf71,6682ce9caed960d3f6827a89,APPROVED,Not Applicable,2024-07-29T15:19:23.061000Z,2024-07-29T15:44:57.675000Z,2024-07-29T15:45:01.681000Z,2024-07-29T15:44:58.490839Z,1535.0,CDDT2OUD,2,"English, French",37,Male,White,France,France,France,French,Yes,Full-Time
66a7b309224bd36f5ded27f4,669003bbdda6669878bfa30b,APPROVED,Not Applicable,2024-07-29T15:20:16.117000Z,2024-07-29T15:35:31.591000Z,2024-07-29T15:35:32.442000Z,2024-07-29T15:35:32.343517Z,916.0,CDDT2OUD,19,"English, Chinese, French, German, Portuguese",29,Male,Black,Zimbabwe,South Africa,Zimbabwe,English,No,Full-Time
66a7b313ee2079aad4eaa724,5f2c1e1dc2211406b0e94360,APPROVED,Not Applicable,2024-07-29T15:19:50.283000Z,2024-07-29T15:31:29.034000Z,2024-07-29T16:59:56.637000Z,2024-07-29T15:31:29.629426Z,699.0,CDDT2OUD,195,"English, French, Spanish, Catalan",38,Female,White,France,Spain,France,French,Yes,Part-Time
66a7b315798d8b1cb959ade4,651ac0b0d69f01889206a537,APPROVED,Not Applicable,2024-07-29T15:19:54.109000Z,2024-07-29T15:30:36.756000Z,2024-07-29T15:31:05.263000Z,2024-07-29T15:30:37.327059Z,643.0,CDDT2OUD,64,French,22,Female,White,France,France,France,French,No,Part-Time
66a7b31eca0afe2d05a9f90b,65410a2c2b4782dbdb520075,APPROVED,Not Applicable,2024-07-29T15:20:01.834000Z,2024-07-29T15:31:52.184000Z,2024-07-29T15:31:52.957000Z,2024-07-29T15:31:52.875411Z,711.0,CDDT2OUD,172,"Greek, French, English",27,Male,White,Greece,Greece,Greece,Greek,Yes,Full-Time
66a7b329607bab7fe01dd7df,665b8b9ab596a3558adbc2bf,RETURNED,Not Applicable,2024-07-29T15:20:19.053000Z,,,2024-07-29T21:40:42.701607Z,,,29,CONSENT_REVOKED,CONSENT_REVOKED,CONSENT_REVOKED,CONSENT_REVOKED,CONSENT_REVOKED,CONSENT_REVOKED,CONSENT_REVOKED,CONSENT_REVOKED,CONSENT_REVOKED,CONSENT_REVOKED
66a7b33d162a8c2b7ef3f9fe,613215855b139586b5609ba5,APPROVED,Not Applicable,2024-07-29T15:20:31.623000Z,2024-07-29T15:55:37.600000Z,2024-07-29T15:55:58.301000Z,2024-07-29T15:55:42.823460Z,2106.0,CDDT2OUD,557,"English, French, German, Spanish",26,Male,White,France,France,France,French,No,Full-Time
66a7b8ab0b927132bbba7ee6,5ce42dbec3f4270001574a15,APPROVED,Not Applicable,2024-07-29T15:43:57.093000Z,2024-07-29T16:00:24.431000Z,2024-07-29T16:00:25.390000Z,2024-07-29T16:00:33.604991Z,988.0,CDDT2OUD,80,French,32,Male,White,Belgium,Belgium,Belgium,French,No,Full-Time
66a7b8c2e7d30cd0daa2b5c5,660f4148b284cddf053d44f5,APPROVED,Not Applicable,2024-07-29T15:44:06.482000Z,2024-07-29T15:57:37.669000Z,2024-07-29T15:57:41.633000Z,2024-07-29T15:57:38.346898Z,812.0,CDDT2OUD,49,French,48,Male,White,Canada,Canada,Canada,French,No,Full-Time
66a7b93e6314101a492882f3,65ae5255a1bbbe43fb7280ba,APPROVED,Not Applicable,2024-07-29T15:46:15.002000Z,2024-07-29T16:07:48.686000Z,2024-07-29T16:09:10.318000Z,2024-07-29T16:09:11.227438Z,1294.0,CDDT2OUD,124,"English, French, Italian",24,Male,White,France,France,France,French,Yes,DATA_EXPIRED
66a7b9436d7db51bd87fd4bc,66a3a567c6221a15c05d41be,RETURNED,Not Applicable,2024-07-29T15:46:42.207000Z,,,2024-07-29T21:40:42.716857Z,,,4,CONSENT_REVOKED,CONSENT_REVOKED,CONSENT_REVOKED,CONSENT_REVOKED,CONSENT_REVOKED,CONSENT_REVOKED,CONSENT_REVOKED,CONSENT_REVOKED,CONSENT_REVOKED,CONSENT_REVOKED
66a7b94775c509f895e061c7,666314bb5c20d6b94bedf4ae,APPROVED,Not Applicable,2024-07-29T15:54:02.954000Z,2024-07-29T16:25:22.200000Z,2024-08-08T11:25:54.121000Z,2024-07-29T16:26:35.422924Z,1880.0,NOCODE,33,"Arabic, Chinese, French, German, Greek",22,Male,Black,South Africa,South Africa,South Africa,English,No,Full-Time
66a7b97ba6aa50f12ab29b2e,5e650f2ab5853c282d34820a,APPROVED,Not Applicable,2024-07-29T15:47:11.403000Z,2024-07-29T16:00:24.854000Z,2024-07-29T16:00:25.878000Z,2024-07-29T16:00:34.232603Z,794.0,CDDT2OUD,262,"French, English",22,Male,White,Canada,Canada,Canada,French,Yes,Full-Time
66a7b97c6a80f0d2ffd0a853,607b327a1e831c8e95d54690,APPROVED,Not Applicable,2024-07-29T15:47:27.874000Z,2024-07-29T16:01:08.022000Z,2024-07-29T16:01:10.439000Z,2024-07-29T16:01:08.543519Z,821.0,CDDT2OUD,354,"Arabic, Dutch, English, French",31,Male,White,Lebanon,Netherlands,Lebanon,Arabic,No,Full-Time
66a7b97fe2c7bf5ea5144ba3,65a974d58f0f3942ff426dfe,APPROVED,Not Applicable,2024-07-29T15:47:31.133000Z,2024-07-29T16:01:24.289000Z,2024-07-29T16:01:24.938000Z,2024-07-29T16:01:24.820067Z,834.0,CDDT2OUD,184,French,32,Female,White,France,France,France,French,No,Part-Time
66a7bb73df66ee7c2cc02692,6499578e8c852a28e20ce8a3,APPROVED,Not Applicable,2024-07-29T15:55:40.071000Z,2024-07-29T16:07:31.450000Z,2024-07-29T16:09:03.038000Z,2024-07-29T16:09:02.989584Z,712.0,CDDT2OUD,15,French,23,Female,White,France,France,France,French,Yes,Due to start a new job within the next month
66a7bcbfdf2f565a0166147f,641f6b81a75c8e94ec9aeabb,APPROVED,Not Applicable,2024-07-29T16:01:07.520000Z,2024-07-29T16:27:01.394000Z,2024-07-29T16:27:02.764000Z,2024-07-29T16:27:26.075232Z,1554.0,CDDT2OUD,393,"French, English",37,Male,White,Nigeria,Portugal,Nigeria,English,Yes,Full-Time
66a7bd19b2f2d2d6da8a82b2,6690bb1aac6ca29d3ed7f68a,RETURNED,Not Applicable,2024-07-29T16:02:43.993000Z,,,2024-07-29T21:40:42.710782Z,,,24,CONSENT_REVOKED,CONSENT_REVOKED,CONSENT_REVOKED,CONSENT_REVOKED,CONSENT_REVOKED,CONSENT_REVOKED,CONSENT_REVOKED,CONSENT_REVOKED,CONSENT_REVOKED,CONSENT_REVOKED
66a9095908cb84c0f4b39831,65f18b6e9efda3b315a6a2a6,APPROVED,Not Applicable,2024-07-30T15:40:25.086000Z,2024-07-30T15:51:52.450000Z,2024-07-30T15:52:41.081000Z,2024-07-30T15:51:53.177026Z,688.0,CDDT2OUD,36,"French, English",28,Male,White,France,France,France,French,No,Other
